UniProt_ID,EVE_score,EVE_score_1,EVE_score_2,EVE_score_3,EVE_score_4,EVE_score_5+,Tranception_no_retrieval_score,Tranception_no_retrieval_score_1,Tranception_no_retrieval_score_2,Tranception_no_retrieval_score_3,Tranception_no_retrieval_score_4,Tranception_no_retrieval_score_5+,Tranception_retrieval_score,Tranception_retrieval_score_1,Tranception_retrieval_score_2,Tranception_retrieval_score_3,Tranception_retrieval_score_4,Tranception_retrieval_score_5+,MSA_transformer_score,MSA_transformer_score_1,MSA_transformer_score_2,MSA_transformer_score_3,MSA_transformer_score_4,MSA_transformer_score_5+,ESM1v_score,ESM1v_score_1,ESM1v_score_2,ESM1v_score_3,ESM1v_score_4,ESM1v_score_5+,Wavenet_score,Wavenet_score_1,Wavenet_score_2,Wavenet_score_3,Wavenet_score_4,Wavenet_score_5+,Deepsequence_score,Deepsequence_score_1,Deepsequence_score_2,Deepsequence_score_3,Deepsequence_score_4,Deepsequence_score_5+,Epistatic_score,Epistatic_score_1,Epistatic_score_2,Epistatic_score_3,Epistatic_score_4,Epistatic_score_5+,Independent_score,Independent_score_1,Independent_score_2,Independent_score_3,Independent_score_4,Independent_score_5+,Ensemble_EVE,Ensemble_EVE_1,Ensemble_EVE_2,Ensemble_EVE_3,Ensemble_EVE_4,Ensemble_EVE_5+,Ensemble_ESM1v,Ensemble_ESM1v_1,Ensemble_ESM1v_2,Ensemble_ESM1v_3,Ensemble_ESM1v_4,Ensemble_ESM1v_5+,Ensemble_MSA_transformer,Ensemble_MSA_transformer_1,Ensemble_MSA_transformer_2,Ensemble_MSA_transformer_3,Ensemble_MSA_transformer_4,Ensemble_MSA_transformer_5+,Ensemble_tranception_no_retrieval_EVE,Ensemble_tranception_no_retrieval_EVE_1,Ensemble_tranception_no_retrieval_EVE_2,Ensemble_tranception_no_retrieval_EVE_3,Ensemble_tranception_no_retrieval_EVE_4,Ensemble_tranception_no_retrieval_EVE_5+,Ensemble_tranception_retrieval_EVE,Ensemble_tranception_retrieval_EVE_1,Ensemble_tranception_retrieval_EVE_2,Ensemble_tranception_retrieval_EVE_3,Ensemble_tranception_retrieval_EVE_4,Ensemble_tranception_retrieval_EVE_5+,Ensemble_tranception_retrieval_EVE_ensemble,Ensemble_tranception_retrieval_EVE_ensemble_1,Ensemble_tranception_retrieval_EVE_ensemble_2,Ensemble_tranception_retrieval_EVE_ensemble_3,Ensemble_tranception_retrieval_EVE_ensemble_4,Ensemble_tranception_retrieval_EVE_ensemble_5+,number_mutants,Neff_L_category,Taxon
A0A140D2T1_ZIKV,0.2532791309,0.2532791309,,,,,0.1920088811,0.1920088811,,,,,0.2450809989,0.2450809989,,,,,0.3542455987,0.3542455987,,,,,-0.04875731139,-0.04875731139,,,,,0.1691404077,0.1691404077,,,,,0.09751462278,0.09751462278,,,,,0.2451052166,0.2451052166,,,,,0.268380953,0.268380953,,,,,0.2817568526,0.2817568526,,,,,-0.009924054531,-0.009924054531,,,,,0.3413011797,0.3413011797,,,,,0.2653605885,0.2653605885,,,,,0.2679494723,0.2679494723,,,,,0.2709698368,0.2709698368,,,,,9272,medium,Virus
A0A192B1T2_9HIV1,0.39190584,0.39190584,,,,,0.3952748299,0.3952748299,,,,,0.3952748299,0.3952748299,,,,,0.4004376032,0.4004376032,,,,,0.3884986899,0.3884986899,,,,,0.3565540302,0.3565540302,,,,,0.3326762038,0.3326762038,,,,,0.3288041238,0.3288041238,,,,,0.3546179902,0.3546179902,,,,,0.3955975032,0.3955975032,,,,,0.3968881965,0.3968881965,,,,,0.4010829498,0.4010829498,,,,,0.4146352297,0.4146352297,,,,,0.4056003765,0.4056003765,,,,,0.4046323565,0.4046323565,,,,,12484,medium,Virus
A0A1I9GEU1_NEIME,0.00636425352,0.00636425352,,,,,0.09237442144,0.09237442144,,,,,0.07213673487,0.07213673487,,,,,0.03672078338,0.03672078338,,,,,0.02154251845,0.02154251845,,,,,0.04178020502,0.04178020502,,,,,0.00636425352,0.00636425352,,,,,0.01142367516,0.01142367516,,,,,-0.01387343305,-0.01387343305,,,,,-0.008814011408,-0.008814011408,,,,,0.0518990483,0.0518990483,,,,,0.07213673487,0.07213673487,,,,,0.04683962666,0.04683962666,,,,,0.03166136173,0.03166136173,,,,,0.04178020502,0.04178020502,,,,,791,medium,Prokaryote
A0A2Z5U3Z0_9INFA,0.4202914161,0.4202914161,,,,,0.4151950535,0.4151950535,,,,,0.4274824673,0.4274824673,,,,,0.2590160728,0.2590160728,,,,,0.377114713,0.377114713,,,,,0.3205450131,0.3205450131,,,,,0.343647119,0.343647119,,,,,0.3860613782,0.3860613782,,,,,0.3822168651,0.3822168651,,,,,0.4178924691,0.4178924691,,,,,0.4079030653,0.4079030653,,,,,0.4079103023,0.4079103023,,,,,0.4502046261,0.4502046261,,,,,0.436402092,0.436402092,,,,,0.4358254184,0.4358254184,,,,,6374,medium,Virus
A4D664_9INFA,0.325566888,0.325566888,,,,,0.3136398371,0.3136398371,,,,,0.296442694,0.296442694,,,,,0.2742528319,0.2742528319,,,,,0.01879204429,0.01879204429,,,,,0.194091955,0.194091955,,,,,0.3308369803,0.3308369803,,,,,0.2522017143,0.2522017143,,,,,0.3438735242,0.3438735242,,,,,0.322515782,0.322515782,,,,,0.02489425637,0.02489425637,,,,,0.2809097905,0.2809097905,,,,,0.3741072114,0.3741072114,,,,,0.367727626,0.367727626,,,,,0.3655086398,0.3655086398,,,,,14421,medium,Virus
A4GRB6_PSEAI,0.5456502687,0.5456502687,,,,,0.4603404805,0.4603404805,,,,,0.540110672,0.540110672,,,,,0.6065858317,0.6065858317,,,,,0.5423265107,0.5423265107,,,,,0.4780671897,0.4780671897,,,,,0.5600532199,0.5600532199,,,,,0.5101968502,0.5101968502,,,,,0.3794623696,0.3794623696,,,,,0.5711324132,0.5711324132,,,,,0.5478661073,0.5478661073,,,,,0.5822116065,0.5822116065,,,,,0.5633769779,0.5633769779,,,,,0.5700244939,0.5700244939,,,,,0.5744561712,0.5744561712,,,,,3624,high,Prokaryote
A4_HUMAN,0.2401329844,0.0762376218,0.2353228727,,,,0.235134408,0.3310989507,0.2270202147,,,,0.3578772292,0.4087647207,0.3520582059,,,,0.2895633513,0.1323311027,0.2860593392,,,,0.2151401022,0.2631289493,0.2074908559,,,,0.1607111589,0.128413013,0.1528763732,,,,0.2981720107,0.2669730389,0.2931369057,,,,0.321221002,0,0.3192274419,,,,0.3531563514,0.4544348472,0.3463572075,,,,0.2492970412,0,0.2449446407,,,,0.2909518448,0.2172670452,0.2867064661,,,,0.2928957356,0.0762376218,0.2898157883,,,,0.3103907531,0.3456704537,0.3046522772,,,,0.3270526745,0.3343586743,0.3219879549,,,,0.3281634693,0.2872868867,0.323950113,,,,14477,low,Human
AACC1_PSEAI,0.3770505877,0.3770505877,,,,,0.2814218155,0.2814218155,,,,,0.3278700763,0.3278700763,,,,,0.3715860864,0.3715860864,,,,,0.3415313294,0.3415313294,,,,,0.2677605623,0.2677605623,,,,,0.3797828383,0.3797828383,,,,,0.3387990788,0.3387990788,,,,,0.1830607926,0.1830607926,,,,,0.3989085928,0.3989085928,,,,,0.3661215852,0.3661215852,,,,,0.3907118409,0.3907118409,,,,,0.3633893345,0.3633893345,,,,,0.3633893345,0.3633893345,,,,,0.3633893345,0.3633893345,,,,,1464,high,Prokaryote
ADRB2_HUMAN,0.4115831135,0.4115831135,,,,,0.3815459268,0.3815459268,,,,,0.4049895847,0.4049895847,,,,,0.3200063248,0.3200063248,,,,,0.4064548133,0.4064548133,,,,,0.4320963142,0.4320963142,,,,,0.4086526562,0.4086526562,,,,,0.3866742269,0.3866742269,,,,,0.341984754,0.341984754,,,,,0.4145135707,0.4145135707,,,,,0.4101178849,0.4101178849,,,,,0.374952398,0.374952398,,,,,0.4313636998,0.4313636998,,,,,0.4298984712,0.4298984712,,,,,0.4255027854,0.4255027854,,,,,5575,medium,Human
AMIE_PSEAE,0.4407754388,0.4407754388,,,,,0.3902535079,0.3902535079,,,,,0.4505252851,0.4505252851,,,,,0.4921837194,0.4921837194,,,,,0.4620478308,0.4620478308,,,,,0.3875944589,0.3875944589,,,,,0.4274801938,0.4274801938,,,,,0.3982306549,0.3982306549,,,,,0.2874369468,0.2874369468,,,,,0.4381163898,0.4381163898,,,,,0.5232059576,0.5232059576,,,,,0.4726840267,0.4726840267,,,,,0.4717976771,0.4717976771,,,,,0.4673659287,0.4673659287,,,,,0.4753430757,0.4753430757,,,,,4581,high,Prokaryote
B3VI55_LIPST,0.3141716216,0.3141716216,,,,,0.3722276028,0.3722276028,,,,,0.3472572883,0.3472572883,,,,,0.3928281123,0.3928281123,,,,,0.357869672,0.357869672,,,,,0.3516270934,0.3516270934,,,,,0.3154201374,0.3154201374,,,,,0.3085533009,0.3085533009,,,,,0.2567398983,0.2567398983,,,,,0.3116745902,0.3116745902,,,,,0.3840885022,0.3840885022,,,,,0.3834642443,0.3834642443,,,,,0.3603667034,0.3603667034,,,,,0.3428874833,0.3428874833,,,,,0.3460087726,0.3460087726,,,,,6433,medium,Eukaryote
BLAT_ECOLX,0.5424289549,0.5424289549,,,,,0.3409911502,0.3409911502,,,,,0.4669333321,0.4669333321,,,,,0.570386848,0.570386848,,,,,0.5247999907,0.5247999907,,,,,0.515074771,0.515074771,,,,,0.5719866027,0.5719866027,,,,,0.5541364837,0.5541364837,,,,,0.333741716,0.333741716,,,,,0.561016107,0.561016107,,,,,0.5584096622,0.5584096622,,,,,0.5761873743,0.5761873743,,,,,0.5266992774,0.5266992774,,,,,0.5408787057,0.5408787057,,,,,0.5573267546,0.5573267546,,,,,3223,high,Prokaryote
BRCA1_HUMAN,0.296017509,0.296017509,,,,,0.4745323999,0.4745323999,,,,,0.4745323999,0.4745323999,,,,,0.389155713,0.389155713,,,,,0.303779026,0.303779026,,,,,0.288255992,0.288255992,,,,,0.2572099241,0.2572099241,,,,,0.3667929294,0.3667929294,,,,,0.412440264,0.412440264,,,,,0.342586611,0.342586611,,,,,0.342586611,0.342586611,,,,,0.4202017809,0.4202017809,,,,,0.4590093659,0.4590093659,,,,,0.4745323999,0.4745323999,,,,,0.412440264,0.412440264,,,,,575,low,Human
C6KNH7_9INFA,0.3113762262,0.3113762262,,,,,0.3026185241,0.3026185241,,,,,0.3292724001,0.3292724001,,,,,0.3079492993,0.3079492993,,,,,0.3159454621,0.3159454621,,,,,0.2512146204,0.2512146204,,,,,0.2573069349,0.2573069349,,,,,0.2767261874,0.2767261874,,,,,0.3033800634,0.3033800634,,,,,0.3178493104,0.3178493104,,,,,0.3639224389,0.3639224389,,,,,0.29614544,0.29614544,,,,,0.3448839561,0.3448839561,,,,,0.3334608664,0.3334608664,,,,,0.333841636,0.333841636,,,,,10507,medium,Virus
CALM1_HUMAN,0.1915664041,0.1915664041,,,,,0.2831327356,0.2831327356,,,,,0.2301206489,0.2301206489,,,,,0.2012049653,0.2012049653,,,,,0.1891567638,0.1891567638,,,,,0.1915664041,0.1915664041,,,,,0.2036146056,0.2036146056,,,,,0.2036146056,0.2036146056,,,,,0.1361446771,0.1361446771,,,,,0.1867471235,0.1867471235,,,,,0.2325302893,0.2325302893,,,,,0.2469881311,0.2469881311,,,,,0.2373495699,0.2373495699,,,,,0.2253013683,0.2253013683,,,,,0.2253013683,0.2253013683,,,,,1660,high,Human
CAPSD_AAV2S,0.1940061936,0,0,0.3359194774,0.3458855765,0.2113933406,0.3595752478,0.06005062365,0.296450308,0.358882305,0.3749410754,0.3946557346,0.3184430156,0.05458536145,0.2624342194,0.3680825315,0.3759599264,0.349795257,0.1895620214,0,0.05936169718,0.3034809804,0.2955389544,0.214086644,0.1458767541,0.06805144927,0.09048522592,0.1180955364,0.1201031206,0.1729261612,0.1633697724,0,0,0.1594085933,0.3000465395,0.146104006,0.2041237771,0,0.02335841851,0.3659565221,0.3627094266,0.2152908148,0.1911694879,0,0,0.317044169,0.3407366336,0.2074670903,0.2385847448,0,0.1973509815,0.2751313294,0.293623018,0.3100673158,0.1879545548,0,0,0.3235071005,0.3500218858,0.1899965628,0.1477678912,0.06080132189,0.08907576577,0.1202199266,0.1237527704,0.1744541041,0.2019489695,0,0.08269036644,0.3385837361,0.3224163682,0.219390308,0.3020846796,0.09073152308,0.2289902266,0.3930903374,0.4095367614,0.3223462005,0.2656802902,0,0.1859798662,0.3967045091,0.3869364128,0.2913901175,0.2605742199,0,0.1742538138,0.3934925299,0.3910787684,0.2851063944,42329,low,Virus
CCDB_ECOLI,0.3849487134,0.3849487134,,,,,0.2503524026,0.2503524026,,,,,0.3507755217,0.3507755217,,,,,0.3728914407,0.3728914407,,,,,0.3272506046,0.3272506046,,,,,0.3885528807,0.3885528807,,,,,0.3769542078,0.3769542078,,,,,0.3373092509,0.3373092509,,,,,0.2606075917,0.2606075917,,,,,0.3830156013,0.3830156013,,,,,0.3808859464,0.3808859464,,,,,0.3907480499,0.3907480499,,,,,0.3569679437,0.3569679437,,,,,0.3846866564,0.3846866564,,,,,0.3808859464,0.3808859464,,,,,1214,high,Prokaryote
CP2C9_HUMAN,0.4440269469,0.4440269469,,,,,0.4367708954,0.4367708954,,,,,0.4873755404,0.4873755404,,,,,0.4307378927,0.4307378927,,,,,0.462459774,0.462459774,,,,,0.4906295878,0.4906295878,,,,,0.4465330377,0.4465330377,,,,,0.4491349206,0.4491349206,,,,,0.3898208851,0.3898208851,,,,,0.4617718103,0.4617718103,,,,,0.4873648968,0.4873648968,,,,,0.4469655557,0.4469655557,,,,,0.4868365866,0.4868365866,,,,,0.4941777868,0.4941777868,,,,,0.5010758253,0.5010758253,,,,,5511,high,Human
DLG4_HUMAN,0.4909727406,0,0.5107216605,,,,0.4790775804,0.231986443,0.4828138005,,,,0.5742388626,0.2702640376,0.5990876076,,,,0.4874041926,0.1728784548,0.4993515246,,,,0.4546925018,0.08759129681,0.46299457,,,,0.5337953177,0.3310305296,0.5406675934,,,,0.4701562101,0.1676031618,0.4787750233,,,,0.4772933063,0,0.4934486248,,,,0.5751429008,0.3973849928,0.5812578746,,,,0.504652175,0,0.5279946962,,,,0.4945412887,0.1138592105,0.5120095406,,,,0.5082207231,0.1345118891,0.5278494592,,,,0.5171420933,0.1598309251,0.537993167,,,,0.5337953177,0.1540866735,0.5593752763,,,,0.546879994,0.1760166837,0.5743329078,,,,6726,low,Human
DLG4_RAT,0.4449272337,0.4449272337,,,,,0.2501386568,0.2501386568,,,,,0.3726669552,0.3726669552,,,,,0.3978009651,0.3978009651,,,,,0.4669194924,0.4669194924,,,,,0.3538164477,0.3538164477,,,,,0.4417854825,0.4417854825,,,,,0.422934975,0.422934975,,,,,0.4166514726,0.4166514726,,,,,0.43550198,0.43550198,,,,,0.4669194924,0.4669194924,,,,,0.3978009651,0.3978009651,,,,,0.4135097213,0.4135097213,,,,,0.4292184775,0.4292184775,,,,,0.4386437312,0.4386437312,,,,,1501,low,Eukaryote
DYR_ECOLI,0.4119713452,0.4119713452,,,,,0.3134647059,0.3134647059,,,,,0.3655059493,0.3655059493,,,,,0.4082541135,0.4082541135,,,,,0.3450611751,0.3450611751,,,,,0.4101127293,0.4101127293,,,,,0.402678266,0.402678266,,,,,0.4008196501,0.4008196501,,,,,0.3394853276,0.3394853276,,,,,0.4063954976,0.4063954976,,,,,0.3580714859,0.3580714859,,,,,0.4063954976,0.4063954976,,,,,0.4045368818,0.4045368818,,,,,0.4045368818,0.4045368818,,,,,0.4008196501,0.4008196501,,,,,2327,medium,Prokaryote
ENV_HV1B9,0.3565356329,0.3565356329,,,,,0.3095529878,0.3095529878,,,,,0.3447899716,0.3447899716,,,,,0.3330443104,0.3330443104,,,,,0.3800269555,0.3800269555,,,,,0.2978073265,0.2978073265,,,,,0.3330443104,0.3330443104,,,,,0.3565356329,0.3565356329,,,,,0.2860616652,0.2860616652,,,,,0.3212986491,0.3212986491,,,,,0.3565356329,0.3565356329,,,,,0.3212986491,0.3212986491,,,,,0.3330443104,0.3330443104,,,,,0.3330443104,0.3330443104,,,,,0.3212986491,0.3212986491,,,,,375,medium,Virus
ENV_HV1BR,0.2487463136,0.2487463136,,,,,0.2688052199,0.2688052199,,,,,0.2707155919,0.2707155919,,,,,0.2672132432,0.2672132432,,,,,0.2404680348,0.2404680348,,,,,0.2493831043,0.2493831043,,,,,0.2274138259,0.2274138259,,,,,0.2350553141,0.2350553141,,,,,0.2516118716,0.2516118716,,,,,0.2560694064,0.2560694064,,,,,0.2586165691,0.2586165691,,,,,0.2662580572,0.2662580572,,,,,0.2821778241,0.2821778241,,,,,0.2697604059,0.2697604059,,,,,0.2713523826,0.2713523826,,,,,12563,medium,Virus
ESTA_BACSU,0.2689785719,0.2689785719,,,,,0.2059213243,0.2059213243,,,,,0.2295677922,0.2295677922,,,,,0.3182420466,0.3182420466,,,,,0.2216856362,0.2216856362,,,,,0.2374499481,0.2374499481,,,,,0.3280947416,0.3280947416,,,,,0.2847428838,0.2847428838,,,,,0.2177445582,0.2177445582,,,,,0.2926250398,0.2926250398,,,,,0.247302643,0.247302643,,,,,0.3300652806,0.3300652806,,,,,0.2709491109,0.2709491109,,,,,0.2748901889,0.2748901889,,,,,0.3024777347,0.3024777347,,,,,2030,high,Prokaryote
F7YBW8_MESOW,0.2550686784,0,0,0.1974189129,0.08354939372,,0.2437322927,0,0.09309299246,0.1759978899,0.07284018827,,0.2520165746,0,0.1373089801,0.2359020173,0.08160203159,,0.2306518476,0,0.3094100191,0.2227501322,0.07774204174,,0.2275997438,0,0.1421113034,0.2169734374,0.08277461679,,0.2262916993,0,0.4477060744,0.2519027627,0.06748774929,,0.2459123669,0,0,0.227321429,0.06025857805,,0.2166993729,0,0.09309299246,0.2039249738,0.04037186278,,0.04665358733,0,-0.02595914126,-0.02932328738,0.08224674135,,0.2498365004,0,0,0.1978240687,0.07448566207,,0.2380640998,0,0.1362620638,0.2256578229,0.08768590491,,0.2485284559,0,0.157343896,0.2292382462,0.08390798205,,0.2589928119,0,0.1273196596,0.1852942264,0.08641280672,,0.2607368712,0,0.07895571656,0.2172338653,0.08719033634,,0.2528886042,0,0.07895571656,0.2190418398,0.07343393478,,9174,high,Prokaryote
GAL4_YEAST,0.3125060837,0.3125060837,,,,,0.2038697351,0.2038697351,,,,,0.3044589468,0.3044589468,,,,,0.4050481585,0.4050481585,,,,,0.3165296522,0.3165296522,,,,,0.340671063,0.340671063,,,,,0.3527417684,0.3527417684,,,,,0.3245767891,0.3245767891,,,,,0.2521525567,0.2521525567,,,,,0.3446946314,0.3446946314,,,,,0.340671063,0.340671063,,,,,0.3970010215,0.3970010215,,,,,0.3165296522,0.3165296522,,,,,0.3245767891,0.3245767891,,,,,0.332623926,0.332623926,,,,,1051,medium,Eukaryote
GCN4_YEAST,0.1648448021,0,0.2850438563,0.1263550601,-0.00498685036,0.126304542,0.288365682,0,0.2850438563,0.2904639272,0.2191542011,0.2528976262,0.2343252971,0,0.2850438563,0.3632374097,0.1525449477,0.1693821647,0.2343252971,0,0,0.08371734197,0.1382973008,0.2062725142,0.2420453521,0.5117663157,0.1514613305,0.1726836292,0.1732915821,0.2105584142,0.1957250221,0,0,-0.08618995512,0.1176479632,0.1418572166,0.1764248846,0,0.2850438563,0.2204228963,0.08854459849,0.1083049766,0.1995850496,0,0,0.09327710533,0.08194045589,0.1562361784,0.1957250221,0,0.2850438563,0.2909880929,0.145738363,0.1196241735,0.1571247471,0,0.2850438563,0.1680910035,-0.0180505146,0.1141127823,0.2420453521,0.2854496129,0.1514613305,0.1067099986,0.2082375836,0.2073559889,0.2073051046,0,0,0.2168650484,0.08194045589,0.1651116835,0.2188851871,0,0.2850438563,0.2936784388,0.1128613752,0.1638340999,0.2188851871,0,0.2850438563,0.2904639272,0.1275041843,0.1575975901,0.2111651321,0,0.2850438563,0.2542036984,0.09153784914,0.1608038555,1053,low,Eukaryote
GFP_AEQVI,0.6201896754,0,0.3294198446,0.4243028821,0.4366186634,0.414151842,0.5763149316,0.04514556012,0.2557355587,0.3351736549,0.3597399722,0.2904367774,0.622206905,0.1002926465,0.2919772352,0.4312828076,0.4422141761,0.323216895,0.5904355388,0,0,0.3958878038,0.3691415485,0.2303664262,0.09831556834,0.02577787806,0.025691438,0.02415257989,0.01340029959,0.0301107665,0.5413496186,0,0.02790119648,0.2521612734,0.2385580819,0.08503965294,0.6179202921,0,0.3178665636,0.4223528372,0.424159395,0.384299125,0.5800972371,0,0,0.3481049817,0.3587758914,0.2431863308,0.589763129,0,0.1597148751,0.3571465887,0.3898350855,0.3431227994,0.6185086507,0,0.3247605579,0.4211011835,0.4347765741,0.411216005,0.09730695354,0.04791987502,0.01425450381,0.01350352419,-0.004802840803,0.0307630684,0.5967393813,0,0.03574780335,0.4113009573,0.390772761,0.2259612603,0.648514941,0,0.3552916514,0.5079890135,0.4776839079,0.3437794119,0.651036478,0,0.3613483974,0.5180767585,0.4740782659,0.3627252807,0.651036478,0,0.3570364709,0.5207072885,0.4703020522,0.3663997034,48211,low,Eukaryote
GRB2_HUMAN,0.4252899847,0.2689565483,0.4117213338,,,,0.3410059725,0.2278992016,0.3230978302,,,,0.3969946378,0.2995461728,0.3814463979,,,,0.3482303164,0.1597392304,0.3299980463,,,,0.3720104484,0.2123286469,0.3548268606,,,,0.3605719039,0.2397718521,0.3442152066,,,,0.3337816286,0.08896011494,0.3215293928,,,,0.4213767984,0.05616517972,0.4086373439,,,,0.3969946378,0.4352945383,0.3812378235,,,,0.4304072283,0.28652616,0.4169108441,,,,0.380739864,0.1847914405,0.3646009118,,,,0.3518424884,0.0974340228,0.3342949002,,,,0.430106214,0.2429664976,0.4168742515,,,,0.4370295436,0.2938834211,0.4237403813,,,,0.4382336009,0.3179538675,0.424525156,,,,14681,medium,Human
HIS7_YEAST,0.3582098202,0,0.2110889761,0.322769676,0.3294713296,0.3485680879,0.4752134357,0,0.3515294394,0.4351140707,0.5135862384,0.4674641233,0.5107340689,0.4020529646,0.448016091,0.5244205633,0.5653789718,0.5022740601,0.4021556023,0.4020529646,0.4409139094,0.4400660213,0.3830911875,0.3934445107,0.3326951196,0.4020529646,0.3098265472,0.3168145532,0.2886953655,0.3247989411,0.3416927685,0,0.2865525171,0.3400844719,0.3722655485,0.3289604128,0.3397388727,0,0.3948810448,0.3767651381,0.3585638752,0.3275860676,0.3929870579,0,0.1531046781,0.3523583006,0.4090176442,0.3820623105,0.3418722088,0.2807277061,0.4063328218,0.4217295262,0.380149144,0.3307868796,0.360465641,0,0.2462820214,0.3295468464,0.3407659707,0.3505137836,0.3768887002,0.4020529646,0.3257716386,0.3496268337,0.3397660643,0.3678183347,0.394772916,0,0.3378988982,0.4114744765,0.3715556314,0.385156448,0.4619519436,0,0.3079952261,0.3919673856,0.4642043928,0.4542403354,0.4592347049,0,0.3515294394,0.4459507318,0.4829695204,0.4500096435,0.4611829138,0,0.3515294394,0.4479723147,0.4907007074,0.4518267126,496102,medium,Eukaryote
HSP82_YEAST,0.3418176371,0.3418176371,,,,,0.3343536015,0.3343536015,,,,,0.3612562595,0.3612562595,,,,,0.3445805591,0.3445805591,,,,,0.3686149683,0.3686149683,,,,,0.3409976789,0.3409976789,,,,,0.3584628778,0.3584628778,,,,,0.3481376883,0.3481376883,,,,,0.3350238257,0.3350238257,,,,,0.3469679529,0.3469679529,,,,,0.3726212998,0.3726212998,,,,,0.3472428631,0.3472428631,,,,,0.3625686342,0.3625686342,,,,,0.3607274816,0.3607274816,,,,,0.3591600461,0.3591600461,,,,,7707.5,medium,Eukaryote
I6TAH8_I68A0,0.2737264849,0.2737264849,,,,,0.2470936377,0.2470936377,,,,,0.2559712534,0.2559712534,,,,,0.210314944,0.210314944,,,,,0.01458465441,0.01458465441,,,,,0.1511308391,0.1511308391,,,,,0.2356795603,0.2356795603,,,,,0.24032974,0.24032974,,,,,0.2866209396,0.2866209396,,,,,0.2766856901,0.2766856901,,,,,0.008243500317,0.008243500317,,,,,0.2318748679,0.2318748679,,,,,0.312196153,0.312196153,,,,,0.3033185373,0.3033185373,,,,,0.3033185373,0.3033185373,,,,,9462,medium,Virus
IF1_ECOLI,0.386535953,0.386535953,,,,,0.4099623744,0.4099623744,,,,,0.3553007245,0.3553007245,,,,,0.1444629319,0.1444629319,,,,,0.4216755851,0.4216755851,,,,,0.441197603,0.441197603,,,,,0.4255799887,0.4255799887,,,,,0.3435875138,0.3435875138,,,,,0.2459774247,0.2459774247,,,,,0.4177711816,0.4177711816,,,,,0.4568152172,0.4568152172,,,,,0.1835069676,0.1835069676,,,,,0.4255799887,0.4255799887,,,,,0.4060579709,0.4060579709,,,,,0.4177711816,0.4177711816,,,,,1102,high,Prokaryote
KCNH2_HUMAN,0.1936615869,0.1936615869,,,,,0.3402785414,0.3402785414,,,,,0.3821690998,0.3821690998,,,,,0.3193332621,0.3193332621,,,,,0.1727163077,0.1727163077,,,,,0.403114379,0.403114379,,,,,0.2146068661,0.2146068661,,,,,0.403114379,0.403114379,,,,,0.3612238206,0.3612238206,,,,,0.1727163077,0.1727163077,,,,,0.1936615869,0.1936615869,,,,,0.2774427037,0.2774427037,,,,,0.3193332621,0.3193332621,,,,,0.3193332621,0.3193332621,,,,,0.3193332621,0.3193332621,,,,,191,medium,Human
KKA2_KLEPN,0.4774605836,0.4774605836,,,,,0.4867819399,0.4867819399,,,,,0.4826391149,0.4826391149,,,,,0.4867819399,0.4867819399,,,,,0.5137103025,0.5137103025,,,,,0.3883898456,0.3883898456,,,,,0.4961032962,0.4961032962,,,,,0.454675046,0.454675046,,,,,0.2226768448,0.2226768448,,,,,0.5126745963,0.5126745963,,,,,0.5282101901,0.5282101901,,,,,0.5126745963,0.5126745963,,,,,0.5178531275,0.5178531275,,,,,0.5012818274,0.5012818274,,,,,0.5147460088,0.5147460088,,,,,3958,high,Prokaryote
MK01_HUMAN,0.22204459,0.22204459,,,,,0.08288680544,0.08288680544,,,,,0.160115733,0.160115733,,,,,0.17031578,0.17031578,,,,,0.1921730237,0.1921730237,,,,,0.198001622,0.198001622,,,,,0.2089302438,0.2089302438,,,,,0.2045587951,0.2045587951,,,,,0.1950873228,0.1950873228,,,,,0.2162159917,0.2162159917,,,,,0.1965444724,0.1965444724,,,,,0.1623014573,0.1623014573,,,,,0.1746872287,0.1746872287,,,,,0.1929015984,0.1929015984,,,,,0.1921730237,0.1921730237,,,,,5501,medium,Human
MSH2_HUMAN,0.3502846575,0.3502846575,,,,,0.2817386856,0.2817386856,,,,,0.3351750616,0.3351750616,,,,,0.3576551921,0.3576551921,,,,,0.3418085427,0.3418085427,,,,,0.3502846575,0.3502846575,,,,,0.3484420239,0.3484420239,,,,,0.3572866654,0.3572866654,,,,,0.3208025191,0.3208025191,,,,,0.3547069783,0.3547069783,,,,,0.3572866654,0.3572866654,,,,,0.3620775129,0.3620775129,,,,,0.3547069783,0.3547069783,,,,,0.356549612,0.356549612,,,,,0.3554440318,0.3554440318,,,,,15110,medium,Human
MTH3_HAEAE,0.4499470467,0.4499470467,,,,,0.4355377022,0.4355377022,,,,,0.4240102267,0.4240102267,,,,,0.4557107845,0.4557107845,,,,,0.4701201289,0.4701201289,,,,,0.4499470467,0.4499470467,,,,,0.4499470467,0.4499470467,,,,,0.4182464889,0.4182464889,,,,,0.2856805199,0.2856805199,,,,,0.4585926533,0.4585926533,,,,,0.4701201289,0.4701201289,,,,,0.4528289156,0.4528289156,,,,,0.4758838667,0.4758838667,,,,,0.4614745222,0.4614745222,,,,,0.46723826,0.46723826,,,,,1581,medium,Prokaryote
NCAP_I34A1,0.2830268442,0.2830268442,,,,,0.2952864088,0.2952864088,,,,,0.3206510252,0.3206510252,,,,,0.2432889453,0.2432889453,,,,,0.02599873177,0.02599873177,,,,,0.21454238,0.21454238,,,,,0.2428662016,0.2428662016,,,,,0.2399069964,0.2399069964,,,,,0.2904249157,0.2904249157,,,,,0.282181357,0.282181357,,,,,0.02515324456,0.02515324456,,,,,0.2623124075,0.2623124075,,,,,0.3502430776,0.3502430776,,,,,0.3464383851,0.3464383851,,,,,0.3447474107,0.3447474107,,,,,9462,medium,Virus
NRAM_I33A0,0.4496644295,0.4496644295,,,,,0.3959731544,0.3959731544,,,,,0.5436241611,0.5436241611,,,,,0.3825503356,0.3825503356,,,,,0.1140939597,0.1140939597,,,,,0.3020134228,0.3020134228,,,,,0.3154362416,0.3154362416,,,,,0.4228187919,0.4228187919,,,,,0.4228187919,0.4228187919,,,,,0.4630872483,0.4630872483,,,,,0.3691275168,0.3691275168,,,,,0.5436241611,0.5436241611,,,,,0.5167785235,0.5167785235,,,,,0.5167785235,0.5167785235,,,,,0.5167785235,0.5167785235,,,,,298,low,Virus
NUD15_HUMAN,0.4638337916,0.4638337916,,,,,0.4189151507,0.4189151507,,,,,0.4482099165,0.4482099165,,,,,0.506799448,0.506799448,,,,,0.481410651,0.481410651,,,,,0.3915733693,0.3915733693,,,,,0.4618808072,0.4618808072,,,,,0.4130561975,0.4130561975,,,,,0.3056420563,0.3056420563,,,,,0.4677397603,0.4677397603,,,,,0.5146113856,0.5146113856,,,,,0.5302352607,0.5302352607,,,,,0.4892225886,0.4892225886,,,,,0.4794576666,0.4794576666,,,,,0.4755516979,0.4755516979,,,,,2088,high,Human
P53_HUMAN,0.4141453633,0.4141453633,,,,,0.3308471454,0.3308471454,,,,,0.4118468204,0.4118468204,,,,,0.3502141546,0.3502141546,,,,,0.4061335254,0.4061335254,,,,,0.1988822974,0.1988822974,,,,,0.3663497907,0.3663497907,,,,,0.4271395092,0.4271395092,,,,,0.431823683,0.431823683,,,,,0.4210852632,0.4210852632,,,,,0.4549065634,0.4549065634,,,,,0.3576975654,0.3576975654,,,,,0.4361493714,0.4361493714,,,,,0.4482215914,0.4482215914,,,,,0.4457210959,0.4457210959,,,,,5064.25,low,Human
P84126_THETH,0.5100308175,0.5100308175,,,,,0.4724495994,0.4724495994,,,,,0.5046620721,0.5046620721,,,,,0.5502964084,0.5502964084,,,,,0.4805027176,0.4805027176,,,,,0.5180839357,0.5180839357,,,,,0.515399563,0.515399563,,,,,0.5019776994,0.5019776994,,,,,0.4778183448,0.4778183448,,,,,0.5046620721,0.5046620721,,,,,0.5261370539,0.5261370539,,,,,0.5395589175,0.5395589175,,,,,0.534190172,0.534190172,,,,,0.515399563,0.515399563,,,,,0.5288214266,0.5288214266,,,,,1500,medium,Prokaryote
PABP_YEAST,0.4851834212,0.09060704143,0.4902066865,,,,0.5065596183,0.4965599051,0.5047791071,,,,0.5541497834,0.5375655106,0.5528771512,,,,0.512072427,0.5184308775,0.5099202238,,,,0.52141045,0.4916758094,0.5201572859,,,,0.4083416179,0.4326769312,0.4050692716,,,,0.4698825643,0.1519233203,0.4737947253,,,,0.4855209401,0,0.4907718717,,,,0.5219729815,0.4693625027,0.5214800772,,,,0.4965465575,0.1413246633,0.5014753399,,,,0.5369363194,0.5175761244,0.5355408105,,,,0.5121849333,0.4995000174,0.510765047,,,,0.5356987501,0.4763026224,0.5355662362,,,,0.5388489265,0.5032030921,0.5381513255,,,,0.5436866975,0.4932027876,0.5432725636,,,,36638,medium,Eukaryote
PA_I34A1,0.3956043956,0.3956043956,,,,,0.3956043956,0.3956043956,,,,,0.4351648352,0.4351648352,,,,,0.2747252747,0.2747252747,,,,,0.03956043956,0.03956043956,,,,,0.2483516484,0.2483516484,,,,,0.3626373626,0.3626373626,,,,,0.3758241758,0.3758241758,,,,,0.3604395604,0.3604395604,,,,,0.4087912088,0.4087912088,,,,,0.08791208791,0.08791208791,,,,,0.2417582418,0.2417582418,,,,,0.4571428571,0.4571428571,,,,,0.432967033,0.432967033,,,,,0.4351648352,0.4351648352,,,,,1820,medium,Virus
POLG_CXB3N,0.3431601167,0.3431601167,,,,,0.239569558,0.239569558,,,,,0.3035596753,0.3035596753,,,,,0.354174809,0.354174809,,,,,-0.03396196799,-0.03396196799,,,,,0.256353851,0.256353851,,,,,0.2914959646,0.2914959646,,,,,0.2848104009,0.2848104009,,,,,0.2917582192,0.2917582192,,,,,0.3397508072,0.3397508072,,,,,0.0003933818686,0.0003933818686,,,,,0.3685988109,0.3685988109,,,,,0.3379150251,0.3379150251,,,,,0.3415865892,0.3415865892,,,,,0.3371282614,0.3371282614,,,,,15254,medium,Virus
POLG_HCVJF,0.4931167817,0.4931167817,,,,,0.3854821542,0.3854821542,,,,,0.4130165938,0.4130165938,,,,,0.4780979965,0.4780979965,,,,,0.4730917347,0.4730917347,,,,,0.1476847214,0.1476847214,,,,,0.3379226677,0.3379226677,,,,,0.4230291173,0.4230291173,,,,,0.4455572951,0.4455572951,,,,,0.4906136508,0.4906136508,,,,,0.5156449596,0.5156449596,,,,,0.4155197247,0.4155197247,,,,,0.4981230435,0.4981230435,,,,,0.4906136508,0.4906136508,,,,,0.4906136508,0.4906136508,,,,,1612,medium,Virus
PTEN_HUMAN,0.3944517742,0.3944517742,,,,,0.2679226113,0.2679226113,,,,,0.3667993278,0.3667993278,,,,,0.3812057835,0.3812057835,,,,,0.3383736439,0.3383736439,,,,,0.3976362292,0.3976362292,,,,,0.3693656505,0.3693656505,,,,,0.4024609529,0.4024609529,,,,,0.3940790346,0.3940790346,,,,,0.4014220398,0.4014220398,,,,,0.3816913824,0.3816913824,,,,,0.3605942158,0.3605942158,,,,,0.4106084603,0.4106084603,,,,,0.416031642,0.416031642,,,,,0.4140470006,0.4140470006,,,,,4671.5,medium,Human
Q2N0S5_9HIV1,0.3668219681,0.3668219681,,,,,0.2996596454,0.2996596454,,,,,0.3677860206,0.3677860206,,,,,0.378069247,0.378069247,,,,,0.3771051945,0.3771051945,,,,,0.3006236979,0.3006236979,,,,,0.2858415599,0.2858415599,,,,,0.3150844851,0.3150844851,,,,,0.3456128136,0.3456128136,,,,,0.3722849321,0.3722849321,,,,,0.398314349,0.398314349,,,,,0.3864243685,0.3864243685,,,,,0.378069247,0.378069247,,,,,0.379997352,0.379997352,,,,,0.3796760011,0.3796760011,,,,,12482,medium,Virus
Q59976_STRSQ,0.5090693311,0.5090693311,,,,,0.5137512937,0.5137512937,,,,,0.5340397985,0.5340397985,,,,,0.5590102659,0.5590102659,,,,,0.4138694241,0.4138694241,,,,,0.5137512937,0.5137512937,,,,,0.5277971817,0.5277971817,,,,,0.4997054058,0.4997054058,,,,,0.4404005457,0.4404005457,,,,,0.5153119479,0.5153119479,,,,,0.427915312,0.427915312,,,,,0.5121906395,0.5121906395,,,,,0.5527676491,0.5527676491,,,,,0.5418430696,0.5418430696,,,,,0.5465250322,0.5465250322,,,,,2641,medium,Prokaryote
R1AB_SARS2,0.5173250022,0.5173250022,,,,,0.1744877549,0.1744877549,,,,,0.3304566314,0.3304566314,,,,,0.01263326053,0.01263326053,,,,,0.01042615379,0.01042615379,,,,,0.228194019,0.228194019,,,,,0.2495293842,0.2495293842,,,,,0.3980048522,0.3980048522,,,,,0.4768613786,0.4768613786,,,,,0.5143821932,0.5143821932,,,,,0.002333429067,0.002333429067,,,,,0.01263326053,0.01263326053,,,,,0.4187409011,0.4187409011,,,,,0.4525832044,0.4525832044,,,,,0.4503760977,0.4503760977,,,,,5725,medium,Virus
RASH_HUMAN,0.4574863073,0.4574863073,,,,,0.3372812497,0.3372812497,,,,,0.4221318786,0.4221318786,,,,,0.4504154216,0.4504154216,,,,,0.4079901071,0.4079901071,,,,,0.5013257989,0.5013257989,,,,,0.4405161815,0.4405161815,,,,,0.4376878272,0.4376878272,,,,,0.3980908671,0.3980908671,,,,,0.4560721302,0.4560721302,,,,,0.4490012444,0.4490012444,,,,,0.4475870673,0.4475870673,,,,,0.4490012444,0.4490012444,,,,,0.464557193,0.464557193,,,,,0.464557193,0.464557193,,,,,3064,high,Human
REV_HV1H2,0.1569289025,0.1569289025,,,,,0.178573434,0.178573434,,,,,0.1805411186,0.1805411186,,,,,0.1726703799,0.1726703799,,,,,0.1805411186,0.1805411186,,,,,0.1195428935,0.1195428935,,,,,0.1707026952,0.1707026952,,,,,0.1264668195,0.1264668195,,,,,0.1608642718,0.1608642718,,,,,0.1628319565,0.1628319565,,,,,0.1923472267,0.1923472267,,,,,0.1608642718,0.1608642718,,,,,0.184476488,0.184476488,,,,,0.1687350106,0.1687350106,,,,,0.1707026952,0.1707026952,,,,,2033,medium,Virus
RL401_YEAST,0.2707450824,0.2707450824,,,,,0.2772328532,0.2772328532,,,,,0.2966087318,0.2966087318,,,,,0.2906657271,0.2906657271,,,,,0.211348146,0.211348146,,,,,0.3179853146,0.3179853146,,,,,0.2746034419,0.2746034419,,,,,0.2364855726,0.2364855726,,,,,0.1886131407,0.1886131407,,,,,0.2681224005,0.2681224005,,,,,0.2414232422,0.2414232422,,,,,0.2972527019,0.2972527019,,,,,0.3018187844,0.3018187844,,,,,0.2874511977,0.2874511977,,,,,0.2875386313,0.2875386313,,,,,1136,medium,Eukaryote
SC6A4_HUMAN,0.397992136,0.397992136,,,,,0.3015488662,0.3015488662,,,,,0.3678808889,0.3678808889,,,,,0.413265957,0.413265957,,,,,0.3918826076,0.3918826076,,,,,0.4049744542,0.4049744542,,,,,0.3608985707,0.3608985707,,,,,0.3883914485,0.3883914485,,,,,0.374863207,0.374863207,,,,,0.3905734229,0.3905734229,,,,,0.3897006332,0.3897006332,,,,,0.4080292184,0.4080292184,,,,,0.397992136,0.397992136,,,,,0.4097747979,0.4097747979,,,,,0.4084656133,0.4084656133,,,,,9260,medium,Human
SCN5A_HUMAN,0.1549109504,0.1549109504,,,,,0.1173514371,0.1173514371,,,,,0.004672897196,0.004672897196,,,,,0.06101216717,0.06101216717,,,,,0.1361311938,0.1361311938,,,,,0.06101216717,0.06101216717,,,,,0.1173514371,0.1173514371,,,,,0.06101216717,0.06101216717,,,,,0.02345265385,0.02345265385,,,,,0.1549109504,0.1549109504,,,,,0.04223241051,0.04223241051,,,,,0.02345265385,0.02345265385,,,,,0.04223241051,0.04223241051,,,,,0.02345265385,0.02345265385,,,,,0.004672897196,0.004672897196,,,,,213,medium,Human
SPG1_STRSG,0.1585114359,0,0.1580366465,,,,0.1984541807,0.2528496911,0.1979661231,,,,0.2034317435,0,0.2030324489,,,,0.08654947224,0.0672407159,0.08630596297,,,,0.174632272,0.01015621866,0.1741990668,,,,0.2020730101,0,0.201671429,,,,0.01786049272,0.01115383359,0.01820062083,,,,0.141537619,0,0.1410357461,,,,0.161414351,0,0.1609927421,,,,0.1606540618,0,0.1601828584,,,,0.1425141354,-0.03433027322,0.1420338601,,,,0.1345133221,0.05025352875,0.1341038684,,,,0.2285290327,0,0.2281719242,,,,0.2264857481,0,0.2261252049,,,,0.2277658782,0,0.2274074869,,,,537451,low,Prokaryote
SPIKE_SARS2,0.2638024892,0.2638024892,,,,,0.2679841243,0.2679841243,,,,,0.243611349,0.243611349,,,,,0.3401081952,0.3401081952,,,,,-0.05379603592,-0.05379603592,,,,,0.2632138551,0.2632138551,,,,,0.08669409304,0.08669409304,,,,,0.1789438995,0.1789438995,,,,,0.1359922752,0.1359922752,,,,,0.2590208192,0.2590208192,,,,,-0.02570065031,-0.02570065031,,,,,0.3501899643,0.3501899643,,,,,0.3284513374,0.3284513374,,,,,0.2929407334,0.2929407334,,,,,0.2934633628,0.2934633628,,,,,3800,medium,Virus
SRC_HUMAN,0.447787959,0.447787959,,,,,0.2953763049,0.2953763049,,,,,0.4326727536,0.4326727536,,,,,0.2248386798,0.2248386798,,,,,0.5158063832,0.5158063832,,,,,0.4503071599,0.4503071599,,,,,0.4503071599,0.4503071599,,,,,0.4377111554,0.4377111554,,,,,0.4641627648,0.4641627648,,,,,0.4528263608,0.4528263608,,,,,0.5334407894,0.5334407894,,,,,0.3457603228,0.3457603228,,,,,0.4276343518,0.4276343518,,,,,0.447787959,0.447787959,,,,,0.4540859612,0.4540859612,,,,,3366,medium,Human
SUMO1_HUMAN,0.4307472068,0.4307472068,,,,,0.3528628606,0.3528628606,,,,,0.3918050337,0.3918050337,,,,,0.3269014119,0.3269014119,,,,,0.3625984039,0.3625984039,,,,,0.4599538366,0.4599538366,,,,,0.3853146715,0.3853146715,,,,,0.3204110497,0.3204110497,,,,,0.3982953959,0.3982953959,,,,,0.44048275,0.44048275,,,,,0.4145213013,0.4145213013,,,,,0.3755791283,0.3755791283,,,,,0.4339923879,0.4339923879,,,,,0.44048275,0.44048275,,,,,0.4210116635,0.4210116635,,,,,1235,high,Human
SYUA_HUMAN,0.2345824963,0.2345824963,,,,,0.2764605762,0.2764605762,,,,,0.2319651164,0.2319651164,,,,,0.1665306166,0.1665306166,,,,,0.344512456,0.344512456,,,,,0.3209560361,0.3209560361,,,,,0.2371998763,0.2371998763,,,,,0.2110260764,0.2110260764,,,,,0.1900870365,0.1900870365,,,,,0.2319651164,0.2319651164,,,,,0.3523645959,0.3523645959,,,,,0.2319651164,0.2319651164,,,,,0.2686084362,0.2686084362,,,,,0.2555215363,0.2555215363,,,,,0.2450520163,0.2450520163,,,,,1765,medium,Human
TADBP_HUMAN,0.0678886761,0.0678886761,,,,,0.09684996829,0.09684996829,,,,,0.09684996829,0.09684996829,,,,,0.05340803001,0.05340803001,,,,,0.02444673782,0.02444673782,,,,,-0.04433633113,-0.04433633113,,,,,0.1004701298,0.1004701298,,,,,0.03530722239,0.03530722239,,,,,0.07512899915,0.07512899915,,,,,0.09322980676,0.09322980676,,,,,0.02806689934,0.02806689934,,,,,0.009966091723,0.009966091723,,,,,0.07874916067,0.07874916067,,,,,0.08960964524,0.08960964524,,,,,0.08236932219,0.08236932219,,,,,1105,low,Human
TAT_HV1BR,0.2832300861,0.2832300861,,,,,0.2282339529,0.2282339529,,,,,0.2392331795,0.2392331795,,,,,0.2694810528,0.2694810528,,,,,0.332726606,0.332726606,,,,,0.1952362729,0.1952362729,,,,,0.2502324062,0.2502324062,,,,,0.1952362729,0.1952362729,,,,,0.2722308594,0.2722308594,,,,,0.2639814395,0.2639814395,,,,,0.316227766,0.316227766,,,,,0.3024787327,0.3024787327,,,,,0.2667312461,0.2667312461,,,,,0.2667312461,0.2667312461,,,,,0.2612316328,0.2612316328,,,,,1558,high,Virus
TPK1_HUMAN,0.2050551133,0.2050551133,,,,,0.2433533446,0.2433533446,,,,,0.2513321428,0.2513321428,,,,,0.2210127097,0.2210127097,,,,,0.2481406235,0.2481406235,,,,,0.2098423922,0.2098423922,,,,,0.1986720748,0.1986720748,,,,,0.2002678344,0.2002678344,,,,,0.1811187188,0.1811187188,,,,,0.2114381519,0.2114381519,,,,,0.276864297,0.276864297,,,,,0.2577151813,0.2577151813,,,,,0.2449491042,0.2449491042,,,,,0.2401618253,0.2401618253,,,,,0.2385660657,0.2385660657,,,,,2568,medium,Human
TPMT_HUMAN,0.3612926176,0.3612926176,,,,,0.3024153022,0.3024153022,,,,,0.3559401344,0.3559401344,,,,,0.3327460404,0.3327460404,,,,,0.3595084566,0.3595084566,,,,,0.3577242955,0.3577242955,,,,,0.3648609398,0.3648609398,,,,,0.3630767787,0.3630767787,,,,,0.3095519465,0.3095519465,,,,,0.3612926176,0.3612926176,,,,,0.3737817451,0.3737817451,,,,,0.3363143626,0.3363143626,,,,,0.3773500673,0.3773500673,,,,,0.3827025505,0.3827025505,,,,,0.3880550337,0.3880550337,,,,,2682,medium,Human
TPOR_HUMAN,0.3059514387,0.3059514387,,,,,0.2962386947,0.2962386947,,,,,0.3739406474,0.3739406474,,,,,0.3253769269,0.3253769269,,,,,0.218536742,0.218536742,,,,,0.218536742,0.218536742,,,,,0.218536742,0.218536742,,,,,0.2671004624,0.2671004624,,,,,0.3156641828,0.3156641828,,,,,0.3448024151,0.3448024151,,,,,0.2671004624,0.2671004624,,,,,0.2865259506,0.2865259506,,,,,0.3933661355,0.3933661355,,,,,0.3836533914,0.3836533914,,,,,0.3739406474,0.3739406474,,,,,498,low,Human
TRPC_SACS2,0.4894731417,0.4894731417,,,,,0.500411089,0.500411089,,,,,0.5195524968,0.5195524968,,,,,0.5441628782,0.5441628782,,,,,0.5277559573,0.5277559573,,,,,0.4593937866,0.4593937866,,,,,0.4703317339,0.4703317339,,,,,0.5136282384,0.5136282384,,,,,0.5113490363,0.5113490363,,,,,0.4949421154,0.4949421154,,,,,0.5496318519,0.5496318519,,,,,0.5441628782,0.5441628782,,,,,0.4949421154,0.4949421154,,,,,0.5140835231,0.5140835231,,,,,0.51681801,0.51681801,,,,,1500,medium,Prokaryote
TRPC_THEMA,0.3687651823,0.3687651823,,,,,0.359843444,0.359843444,,,,,0.359843444,0.359843444,,,,,0.3747130078,0.3747130078,,,,,0.3985043099,0.3985043099,,,,,0.3509217057,0.3509217057,,,,,0.3657912696,0.3657912696,,,,,0.3657912696,0.3657912696,,,,,0.3657912696,0.3657912696,,,,,0.359843444,0.359843444,,,,,0.4074260482,0.4074260482,,,,,0.3747130078,0.3747130078,,,,,0.359843444,0.359843444,,,,,0.3568695313,0.3568695313,,,,,0.3538956185,0.3538956185,,,,,1500,medium,Prokaryote
UBC9_HUMAN,0.4681653477,0.4681653477,,,,,0.3529246468,0.3529246468,,,,,0.4015418175,0.4015418175,,,,,0.4429564444,0.4429564444,,,,,0.4015418175,0.4015418175,,,,,0.4897729792,0.4897729792,,,,,0.4843710713,0.4843710713,,,,,0.4393551725,0.4393551725,,,,,0.3403201951,0.3403201951,,,,,0.4681653477,0.4681653477,,,,,0.4555608961,0.4555608961,,,,,0.4537602601,0.4537602601,,,,,0.4501589882,0.4501589882,,,,,0.4537602601,0.4537602601,,,,,0.4555608961,0.4555608961,,,,,2222,medium,Human
UBE4B_MOUSE,0.3507681464,0.3507681464,,,,,0.2067026577,0.2067026577,,,,,0.3006584112,0.3006584112,,,,,0.3069221281,0.3069221281,,,,,0.3382407126,0.3382407126,,,,,0.3194495619,0.3194495619,,,,,0.3445044295,0.3445044295,,,,,0.3382407126,0.3382407126,,,,,0.3382407126,0.3382407126,,,,,0.3445044295,0.3445044295,,,,,0.3570318633,0.3570318633,,,,,0.3069221281,0.3069221281,,,,,0.375823014,0.375823014,,,,,0.375823014,0.375823014,,,,,0.3507681464,0.3507681464,,,,,852,low,Eukaryote
VKOR1_HUMAN,0.3814866384,0.3814866384,,,,,0.3722558507,0.3722558507,,,,,0.4102767923,0.4102767923,,,,,0.4198735103,0.4198735103,,,,,0.3919210515,0.3919210515,,,,,0.4071538235,0.4071538235,,,,,0.4043967848,0.4043967848,,,,,0.3748909126,0.3748909126,,,,,0.3719712383,0.3719712383,,,,,0.3728902512,0.3728902512,,,,,0.4139121849,0.4139121849,,,,,0.4075197537,0.4075197537,,,,,0.4397826645,0.4397826645,,,,,0.4378633209,0.4378633209,,,,,0.4321459491,0.4321459491,,,,,1311.5,medium,Human
YAP1_HUMAN,0.3380352123,0,0.3440060642,,,,0.1516836916,0.2302612331,0.1468253953,,,,0.2740637948,0.2202099561,0.2741290957,,,,0.09128831606,0,0.08809346392,,,,0.2081056872,0.1601606206,0.2075972238,,,,0.1492996637,0.172029757,0.1464061525,,,,0.3630675062,0,0.3699682121,,,,0.2967120606,0,0.3011479154,,,,0.3376378744,0.1567260697,0.3423492899,,,,0.3459819723,0,0.3522480159,,,,0.2180391372,0.1103474518,0.2189329404,,,,0.07936817614,0,0.07573053637,,,,0.3070428486,0.2320676088,0.3089603977,,,,0.3273070864,0.2025400446,0.3305964921,,,,0.3284991004,0.2225863879,0.3314182865,,,,10067,low,Human
Average,0.3522764238,0.3065174831,0.2705061765,0.2813532017,0.2381076226,0.2751044531,0.3189171243,0.2914273267,0.2876686023,0.3191263695,0.3080523351,0.3513635653,0.3562483437,0.3283983362,0.3443101172,0.3845850659,0.3235400107,0.3361670942,0.3342960132,0.3063853877,0.2372194715,0.2891804559,0.2527622066,0.2610425238,0.2960329513,0.2854797034,0.2406219734,0.1697439472,0.1356529969,0.1845985707,0.3138990964,0.286408826,0.2320968922,0.1834734292,0.2192011765,0.1754903221,0.3295675351,0.2899782693,0.2705958876,0.3225637645,0.2588471747,0.258870246,0.3342696607,0.2833247336,0.2182242377,0.2629419061,0.2461684976,0.2472379775,0.3124274962,0.2906915638,0.3051053098,0.26313445,0.2583184704,0.2759002921,0.3567199279,0.3104202292,0.2781675301,0.2880140405,0.2363999156,0.2664597835,0.3192396028,0.3017387582,0.252422712,0.1631436212,0.1509278965,0.195097874,0.3432444074,0.3061557529,0.2260218694,0.3214924929,0.2501186397,0.2489049249,0.3754435945,0.338335683,0.330623534,0.3544038803,0.3101398488,0.3210500119,0.3746331879,0.3363273417,0.332984901,0.3736859584,0.311735744,0.3154306579,0.3740113513,0.3357748308,0.3337932555,0.3670835343,0.3034106624,0.3160341665,-,-,-