DMS_id,EVE_score,EVE_score_1,EVE_score_2,EVE_score_3,EVE_score_4,EVE_score_5+,Tranception_no_retrieval_score,Tranception_no_retrieval_score_1,Tranception_no_retrieval_score_2,Tranception_no_retrieval_score_3,Tranception_no_retrieval_score_4,Tranception_no_retrieval_score_5+,Tranception_retrieval_score,Tranception_retrieval_score_1,Tranception_retrieval_score_2,Tranception_retrieval_score_3,Tranception_retrieval_score_4,Tranception_retrieval_score_5+,MSA_transformer_score,MSA_transformer_score_1,MSA_transformer_score_2,MSA_transformer_score_3,MSA_transformer_score_4,MSA_transformer_score_5+,ESM1v_score,ESM1v_score_1,ESM1v_score_2,ESM1v_score_3,ESM1v_score_4,ESM1v_score_5+,Wavenet_score,Wavenet_score_1,Wavenet_score_2,Wavenet_score_3,Wavenet_score_4,Wavenet_score_5+,Deepsequence_score,Deepsequence_score_1,Deepsequence_score_2,Deepsequence_score_3,Deepsequence_score_4,Deepsequence_score_5+,Epistatic_score,Epistatic_score_1,Epistatic_score_2,Epistatic_score_3,Epistatic_score_4,Epistatic_score_5+,Independent_score,Independent_score_1,Independent_score_2,Independent_score_3,Independent_score_4,Independent_score_5+,Ensemble_EVE,Ensemble_EVE_1,Ensemble_EVE_2,Ensemble_EVE_3,Ensemble_EVE_4,Ensemble_EVE_5+,Ensemble_ESM1v,Ensemble_ESM1v_1,Ensemble_ESM1v_2,Ensemble_ESM1v_3,Ensemble_ESM1v_4,Ensemble_ESM1v_5+,Ensemble_MSA_transformer,Ensemble_MSA_transformer_1,Ensemble_MSA_transformer_2,Ensemble_MSA_transformer_3,Ensemble_MSA_transformer_4,Ensemble_MSA_transformer_5+,Ensemble_tranception_no_retrieval_EVE,Ensemble_tranception_no_retrieval_EVE_1,Ensemble_tranception_no_retrieval_EVE_2,Ensemble_tranception_no_retrieval_EVE_3,Ensemble_tranception_no_retrieval_EVE_4,Ensemble_tranception_no_retrieval_EVE_5+,Ensemble_tranception_retrieval_EVE,Ensemble_tranception_retrieval_EVE_1,Ensemble_tranception_retrieval_EVE_2,Ensemble_tranception_retrieval_EVE_3,Ensemble_tranception_retrieval_EVE_4,Ensemble_tranception_retrieval_EVE_5+,Ensemble_tranception_retrieval_EVE_ensemble,Ensemble_tranception_retrieval_EVE_ensemble_1,Ensemble_tranception_retrieval_EVE_ensemble_2,Ensemble_tranception_retrieval_EVE_ensemble_3,Ensemble_tranception_retrieval_EVE_ensemble_4,Ensemble_tranception_retrieval_EVE_ensemble_5+,number_mutants,UniProt_ID,Neff_L_category,Taxon
A0A140D2T1_ZIKV_Sourisseau_2019_growth,0.6790030067,0.6790030067,,,,,0.6311547305,0.6311547305,,,,,0.6698630912,0.6698630912,,,,,0.7326092501,0.7326092501,,,,,0.4593618135,0.4593618135,,,,,0.612088587,0.612088587,,,,,0.5681615631,0.5681615631,,,,,0.6784423857,0.6784423857,,,,,0.6898611829,0.6898611829,,,,,0.690650637,0.690650637,,,,,0.4878035941,0.4878035941,,,,,0.7191824101,0.7191824101,,,,,0.6752005343,0.6752005343,,,,,0.6822227032,0.6822227032,,,,,0.6863396028,0.6863396028,,,,,9272,A0A140D2T1_ZIKV,medium,Virus
A0A192B1T2_9HIV1_Haddox_2018,0.7773367871,0.7773367871,,,,,0.7761166534,0.7761166534,,,,,0.7767567062,0.7767567062,,,,,0.7756549678,0.7756549678,,,,,0.7648835752,0.7648835752,,,,,0.7506171599,0.7506171599,,,,,0.7283437391,0.7283437391,,,,,0.7228733883,0.7228733883,,,,,0.7587964549,0.7587964549,,,,,0.7773711981,0.7773711981,,,,,0.7757115169,0.7757115169,,,,,0.7760618482,0.7760618482,,,,,0.7885964935,0.7885964935,,,,,0.78463074,0.78463074,,,,,0.784078732,0.784078732,,,,,12484,A0A192B1T2_9HIV1,medium,Virus
A0A1I9GEU1_NEIME_Kennouche_2019,0.4932070087,0.4932070087,,,,,0.5385373471,0.5385373471,,,,,0.5174480367,0.5174480367,,,,,0.5330658373,0.5330658373,,,,,0.5017150463,0.5017150463,,,,,0.5244970051,0.5244970051,,,,,0.498694517,0.498694517,,,,,0.500502355,0.500502355,,,,,0.4872683408,0.4872683408,,,,,0.4959939589,0.4959939589,,,,,0.5085624328,0.5085624328,,,,,0.5350304613,0.5350304613,,,,,0.5132660114,0.5132660114,,,,,0.5053883172,0.5053883172,,,,,0.5066554037,0.5066554037,,,,,791,A0A1I9GEU1_NEIME,medium,Prokaryote
A0A2Z5U3Z0_9INFA_Doud_2016,0.7751621733,0.7751621733,,,,,0.7799164603,0.7799164603,,,,,0.7835111418,0.7835111418,,,,,0.5840863637,0.5840863637,,,,,0.7631304158,0.7631304158,,,,,0.709014603,0.709014603,,,,,0.7434375817,0.7434375817,,,,,0.7422840791,0.7422840791,,,,,0.7453787012,0.7453787012,,,,,0.7801689992,0.7801689992,,,,,0.7815814562,0.7815814562,,,,,0.7722262474,0.7722262474,,,,,0.8023059168,0.8023059168,,,,,0.7921209031,0.7921209031,,,,,0.7947088297,0.7947088297,,,,,10432,A0A2Z5U3Z0_9INFA,medium,Virus
A0A2Z5U3Z0_9INFA_Wu_2014,0.779489585,0.779489585,,,,,0.7712920262,0.7712920262,,,,,0.7843555455,0.7843555455,,,,,0.7559666743,0.7559666743,,,,,0.7407684713,0.7407684713,,,,,0.7338487398,0.7338487398,,,,,0.723479956,0.723479956,,,,,0.7647470297,0.7647470297,,,,,0.7529576091,0.7529576091,,,,,0.7778534291,0.7778534291,,,,,0.7668246643,0.7668246643,,,,,0.7677202994,0.7677202994,,,,,0.7963858405,0.7963858405,,,,,0.7927227603,0.7927227603,,,,,0.7928204524,0.7928204524,,,,,2316,A0A2Z5U3Z0_9INFA,medium,Virus
A4D664_9INFA_Soh_2019_CCL141,0.715054362,0.715054362,,,,,0.7109306728,0.7109306728,,,,,0.7036336842,0.7036336842,,,,,0.688240554,0.688240554,,,,,0.5115601627,0.5115601627,,,,,0.6354020124,0.6354020124,,,,,0.7123901956,0.7123901956,,,,,0.6812979515,0.6812979515,,,,,0.713845987,0.713845987,,,,,0.7142937541,0.7142937541,,,,,0.5143270193,0.5143270193,,,,,0.6902194328,0.6902194328,,,,,0.74578569,0.74578569,,,,,0.7386006815,0.7386006815,,,,,0.7380265471,0.7380265471,,,,,14421,A4D664_9INFA,medium,Virus
A4GRB6_PSEAI_Chen_2020,0.8534058879,0.8534058879,,,,,0.8145452397,0.8145452397,,,,,0.8507956406,0.8507956406,,,,,0.877397854,0.877397854,,,,,0.8415120163,0.8415120163,,,,,0.8211277827,0.8211277827,,,,,0.8629805796,0.8629805796,,,,,0.8395213421,0.8395213421,,,,,0.7485257135,0.7485257135,,,,,0.8631584116,0.8631584116,,,,,0.8534990234,0.8534990234,,,,,0.8593074835,0.8593074835,,,,,0.861802961,0.861802961,,,,,0.8646583985,0.8646583985,,,,,0.8694689132,0.8694689132,,,,,3624,A4GRB6_PSEAI,high,Prokaryote
A4_HUMAN_Seuma_2021,0.6713507267,0.7560800149,0.6674175544,,,,0.6914137089,0.7135431171,0.6865484851,,,,0.7425578661,0.7623688852,0.7389340996,,,,0.7032848494,0.7355889724,0.7015863287,,,,0.6639453871,0.7157244964,0.6590599809,,,,0.6238076141,0.6450385222,0.6181246823,,,,0.7085350895,0.7590504038,0.7046901635,,,,0.7062893203,0.7647939293,0.704824978,,,,0.7120327594,0.7534229091,0.7087589706,,,,0.6712110397,0.7614174325,0.6675858825,,,,0.7093520335,0.7514619883,0.7072527685,,,,0.7033148574,0.7342430149,0.7019816619,,,,0.7245887046,0.7802608373,0.7217211169,,,,0.7313453493,0.7871298617,0.7285296898,,,,0.730409964,0.7886150562,0.7278757071,,,,14477,A4_HUMAN,low,Human
AACC1_PSEAI_Dandage_2018,0.7575538427,0.7575538427,,,,,0.7024093912,0.7024093912,,,,,0.7268215072,0.7268215072,,,,,0.7561550521,0.7561550521,,,,,0.7416725766,0.7416725766,,,,,0.6960453137,0.6960453137,,,,,0.7559516255,0.7559516255,,,,,0.7324623941,0.7324623941,,,,,0.6357358815,0.6357358815,,,,,0.7571759173,0.7571759173,,,,,0.7454667612,0.7454667612,,,,,0.7551360532,0.7551360532,,,,,0.7461125005,0.7461125005,,,,,0.7484080475,0.7484080475,,,,,0.747310664,0.747310664,,,,,1464,AACC1_PSEAI,high,Prokaryote
ADRB2_HUMAN_Jones_2020,0.7692611354,0.7692611354,,,,,0.7540210669,0.7540210669,,,,,0.774500431,0.774500431,,,,,0.7183810695,0.7183810695,,,,,0.7639181851,0.7639181851,,,,,0.7768377957,0.7768377957,,,,,0.7671671749,0.7671671749,,,,,0.755956023,0.755956023,,,,,0.7320554479,0.7320554479,,,,,0.7699073508,0.7699073508,,,,,0.771613998,0.771613998,,,,,0.7540805762,0.7540805762,,,,,0.777753983,0.777753983,,,,,0.7793353053,0.7793353053,,,,,0.7792225933,0.7792225933,,,,,5575,ADRB2_HUMAN,medium,Human
AMIE_PSEAE_Wrenbeck_2017,0.7908342414,0.7908342414,,,,,0.7710312267,0.7710312267,,,,,0.804724516,0.804724516,,,,,0.8230657945,0.8230657945,,,,,0.8178064903,0.8178064903,,,,,0.756460707,0.756460707,,,,,0.7865989872,0.7865989872,,,,,0.7803356661,0.7803356661,,,,,0.682366738,0.682366738,,,,,0.7950458289,0.7950458289,,,,,0.8450901376,0.8450901376,,,,,0.8166480999,0.8166480999,,,,,0.8214103059,0.8214103059,,,,,0.8197131796,0.8197131796,,,,,0.8213635617,0.8213635617,,,,,4581,AMIE_PSEAE,high,Prokaryote
B3VI55_LIPST_Klesmith_2015,0.7145541535,0.7145541535,,,,,0.7459594176,0.7459594176,,,,,0.7342431999,0.7342431999,,,,,0.7693165927,0.7693165927,,,,,0.7361638746,0.7361638746,,,,,0.7284526793,0.7284526793,,,,,0.7127812717,0.7127812717,,,,,0.7181231527,0.7181231527,,,,,0.6672316799,0.6672316799,,,,,0.7161759299,0.7161759299,,,,,0.755970902,0.755970902,,,,,0.7578743813,0.7578743813,,,,,0.7397820732,0.7397820732,,,,,0.7330004534,0.7330004534,,,,,0.7336156889,0.7336156889,,,,,6433,B3VI55_LIPST,medium,Eukaryote
BLAT_ECOLX_Deng_2012,0.7661023787,0.7661023787,,,,,0.6953611937,0.6953611937,,,,,0.7516908744,0.7516908744,,,,,0.7907944425,0.7907944425,,,,,0.77131439,0.77131439,,,,,0.7578185563,0.7578185563,,,,,0.7859690743,0.7859690743,,,,,0.7735748019,0.7735748019,,,,,0.6636149907,0.6636149907,,,,,0.7815882378,0.7815882378,,,,,0.7866113621,0.7866113621,,,,,0.7924232335,0.7924232335,,,,,0.7727240912,0.7727240912,,,,,0.7778051041,0.7778051041,,,,,0.7854547886,0.7854547886,,,,,4085,BLAT_ECOLX,high,Prokaryote
BLAT_ECOLX_Firnberg_2014,0.8722401071,0.8722401071,,,,,0.7522929446,0.7522929446,,,,,0.8322500627,0.8322500627,,,,,0.8780166803,0.8780166803,,,,,0.8464671413,0.8464671413,,,,,0.853801797,0.853801797,,,,,0.8888479508,0.8888479508,,,,,0.8719472325,0.8719472325,,,,,0.7321507673,0.7321507673,,,,,0.8835758163,0.8835758163,,,,,0.8736833368,0.8736833368,,,,,0.8832302138,0.8832302138,,,,,0.8677827747,0.8677827747,,,,,0.876388903,0.876388903,,,,,0.8812696245,0.8812696245,,,,,3920,BLAT_ECOLX,high,Prokaryote
BLAT_ECOLX_Jacquier_2013,0.8726771124,0.8726771124,,,,,0.7593600538,0.7593600538,,,,,0.8380704464,0.8380704464,,,,,0.8609069849,0.8609069849,,,,,0.8430774213,0.8430774213,,,,,0.838120267,0.838120267,,,,,0.8748941311,0.8748941311,,,,,0.854666949,0.854666949,,,,,0.7328181048,0.7328181048,,,,,0.8775221702,0.8775221702,,,,,0.859686379,0.859686379,,,,,0.8643570646,0.8643570646,,,,,0.8708399761,0.8708399761,,,,,0.8767063571,0.8767063571,,,,,0.8771422878,0.8771422878,,,,,802,BLAT_ECOLX,high,Prokaryote
BLAT_ECOLX_Stiffler_2015,0.8817670894,0.8817670894,,,,,0.7555560289,0.7555560289,,,,,0.8376733679,0.8376733679,,,,,0.8816426621,0.8816426621,,,,,0.8563860819,0.8563860819,,,,,0.8584676523,0.8584676523,,,,,0.8949315963,0.8949315963,,,,,0.8756301991,0.8756301991,,,,,0.741111509,0.741111509,,,,,0.890671946,0.890671946,,,,,0.8838669509,0.8838669509,,,,,0.8889484953,0.8889484953,,,,,0.875701438,0.875701438,,,,,0.8841449268,0.8841449268,,,,,0.8875711306,0.8875711306,,,,,4085,BLAT_ECOLX,high,Prokaryote
BRCA1_HUMAN_Findlay_2018,0.7297891566,0.7297891566,,,,,0.8592319277,0.8592319277,,,,,0.880753012,0.880753012,,,,,0.7739608434,0.7739608434,,,,,0.7986746988,0.7986746988,,,,,0.7100451807,0.7100451807,,,,,0.656935241,0.656935241,,,,,0.7202259036,0.7202259036,,,,,0.8096686747,0.8096686747,,,,,0.721746988,0.721746988,,,,,0.8044728916,0.8044728916,,,,,0.8063253012,0.8063253012,,,,,0.8568222892,0.8568222892,,,,,0.8588253012,0.8588253012,,,,,0.8612349398,0.8612349398,,,,,575,BRCA1_HUMAN,low,Human
C6KNH7_9INFA_Lee_2018,0.7196992384,0.7196992384,,,,,0.7056247318,0.7056247318,,,,,0.7255267143,0.7255267143,,,,,0.7038311701,0.7038311701,,,,,0.7127098847,0.7127098847,,,,,0.6782169752,0.6782169752,,,,,0.6802695172,0.6802695172,,,,,0.6906578211,0.6906578211,,,,,0.7050079996,0.7050079996,,,,,0.7212115281,0.7212115281,,,,,0.7428713514,0.7428713514,,,,,0.7041155774,0.7041155774,,,,,0.7354633883,0.7354633883,,,,,0.7322377864,0.7322377864,,,,,0.7334708884,0.7334708884,,,,,10507,C6KNH7_9INFA,medium,Virus
CALM1_HUMAN_Weile_2017,0.634029807,0.634029807,,,,,0.678949309,0.678949309,,,,,0.6590690362,0.6590690362,,,,,0.6460961621,0.6460961621,,,,,0.6338998895,0.6338998895,,,,,0.6345400414,0.6345400414,,,,,0.6319351603,0.6319351603,,,,,0.6320171752,0.6320171752,,,,,0.598187833,0.598187833,,,,,0.6334673152,0.6334673152,,,,,0.6567218126,0.6567218126,,,,,0.656212304,0.656212304,,,,,0.6623902778,0.6623902778,,,,,0.6536937926,0.6536937926,,,,,0.6535558914,0.6535558914,,,,,1660,CALM1_HUMAN,high,Human
CAPSD_AAV2S_Sinai_2021_substitutions,0.66955549,0.808529003,0.8168355989,0.7856315897,0.7820102952,0.8212782645,0.7569040349,0.6953843903,0.7914543679,0.7797015702,0.759362204,0.8129002858,0.7400784283,0.7303489138,0.7978439937,0.7788456836,0.7703669982,0.8302540654,0.6700881187,0.7580864604,0.7659356578,0.738059849,0.7362458601,0.8041426232,0.6085079687,0.5743105844,0.5630042298,0.5870376532,0.5925167877,0.6487917564,0.62953483,0.6314534416,0.6884566521,0.701686316,0.7312130891,0.8012868398,0.6826485614,0.7129544291,0.8078243128,0.780717625,0.7779773099,0.8212416644,0.6659484351,0.7875649184,0.8077211336,0.7691322557,0.7764325683,0.8202049186,0.7011044284,0.7877916758,0.7525179406,0.7206826325,0.7309342624,0.812923501,0.6622050065,0.813283593,0.8235736308,0.7903852746,0.7892081714,0.8204650597,0.6104756121,0.5808060859,0.568606088,0.5885729566,0.5950489284,0.6486101911,0.6806852075,0.7797381318,0.7892679537,0.7561121278,0.7565763724,0.8126818361,0.7339680244,0.7274961598,0.8184730729,0.8029027904,0.7887392968,0.839493142,0.7185706899,0.7511520737,0.8209027437,0.7999536634,0.7923551303,0.839200788,0.715367016,0.7461926706,0.8209104163,0.8002142647,0.792898998,0.8392014785,42329,CAPSD_AAV2S,low,Virus
CCDB_ECOLI_Adkar_2012,0.7627764196,0.7627764196,,,,,0.6286429872,0.6286429872,,,,,0.7286134279,0.7286134279,,,,,0.7534432621,0.7534432621,,,,,0.7110535903,0.7110535903,,,,,0.7599862589,0.7599862589,,,,,0.7532195699,0.7532195699,,,,,0.7264843575,0.7264843575,,,,,0.6736410699,0.6736410699,,,,,0.7627105103,0.7627105103,,,,,0.7557720576,0.7557720576,,,,,0.7783489918,0.7783489918,,,,,0.7337583485,0.7337583485,,,,,0.7532595149,0.7532595149,,,,,0.752808136,0.752808136,,,,,1005,CCDB_ECOLI,high,Prokaryote
CCDB_ECOLI_Tripathi_2016,0.8842152466,0.8842152466,,,,,0.7942264574,0.7942264574,,,,,0.8898542601,0.8898542601,,,,,0.8901718984,0.8901718984,,,,,0.8619693572,0.8619693572,,,,,0.9069431988,0.9069431988,,,,,0.885848281,0.885848281,,,,,0.8609828102,0.8609828102,,,,,0.8156016442,0.8156016442,,,,,0.8868423019,0.8868423019,,,,,0.8916442451,0.8916442451,,,,,0.9037331839,0.9037331839,,,,,0.8770889387,0.8770889387,,,,,0.8979970105,0.8979970105,,,,,0.8981950673,0.8981950673,,,,,1423,CCDB_ECOLI,high,Prokaryote
CP2C9_HUMAN_Amorosi_2021_abundance,0.800819681,0.800819681,,,,,0.7909395717,0.7909395717,,,,,0.813166485,0.813166485,,,,,0.7882660052,0.7882660052,,,,,0.7949206338,0.7949206338,,,,,0.8090601335,0.8090601335,,,,,0.7991588757,0.7991588757,,,,,0.7967861319,0.7967861319,,,,,0.7540299602,0.7540299602,,,,,0.8086156286,0.8086156286,,,,,0.8135654244,0.8135654244,,,,,0.7967579337,0.7967579337,,,,,0.8165894166,0.8165894166,,,,,0.82007432,0.82007432,,,,,0.822643938,0.822643938,,,,,5591,CP2C9_HUMAN,high,Human
CP2C9_HUMAN_Amorosi_2021_activity,0.8104627275,0.8104627275,,,,,0.8021741961,0.8021741961,,,,,0.8334421954,0.8334421954,,,,,0.7992732475,0.7992732475,,,,,0.8237566014,0.8237566014,,,,,0.8287606528,0.8287606528,,,,,0.8101879902,0.8101879902,,,,,0.8040243068,0.8040243068,,,,,0.7750324887,0.7750324887,,,,,0.8174791633,0.8174791633,,,,,0.8380682197,0.8380682197,,,,,0.8087186927,0.8087186927,,,,,0.8268338222,0.8268338222,,,,,0.8337395613,0.8337395613,,,,,0.8362838882,0.8362838882,,,,,5431,CP2C9_HUMAN,high,Human
DLG4_HUMAN_Faure_2021,0.8270129653,0.7767392991,0.845737006,,,,0.8150578453,0.7784833324,0.8296344896,,,,0.8648821131,0.849779476,0.8820853965,,,,0.827467031,0.7946958174,0.8354054249,,,,0.7981454979,0.7382514462,0.8059191587,,,,0.8513163397,0.8111984655,0.8623621202,,,,0.8106273324,0.7311638292,0.8175511417,,,,0.8158744474,0.8004486839,0.839032344,,,,0.8679159835,0.8380355038,0.8696354402,,,,0.8423424276,0.799723276,0.8597811329,,,,0.8318440854,0.7582055088,0.8460646505,,,,0.8373574318,0.7948485348,0.8531702654,,,,0.841087501,0.8303125821,0.8674866037,,,,0.8525706031,0.8434676636,0.8767013548,,,,0.8595772506,0.8516441561,0.8817405462,,,,6726,DLG4_HUMAN,low,Human
DLG4_RAT_McLaughlin_2012,0.8366120165,0.8366120165,,,,,0.7219058148,0.7219058148,,,,,0.8014110018,0.8014110018,,,,,0.8324268836,0.8324268836,,,,,0.8649356931,0.8649356931,,,,,0.7933788039,0.7933788039,,,,,0.8149016395,0.8149016395,,,,,0.8203452735,0.8203452735,,,,,0.8260825577,0.8260825577,,,,,0.843148819,0.843148819,,,,,0.8766891058,0.8766891058,,,,,0.8335694051,0.8335694051,,,,,0.8234100937,0.8234100937,,,,,0.8362591426,0.8362591426,,,,,0.8412092468,0.8412092468,,,,,1501,DLG4_RAT,low,Eukaryote
DYR_ECOLI_Thompson_2019_plusLon,0.79090935,0.79090935,,,,,0.7091428986,0.7091428986,,,,,0.762855312,0.762855312,,,,,0.7992376024,0.7992376024,,,,,0.7635211577,0.7635211577,,,,,0.7906152898,0.7906152898,,,,,0.787242449,0.787242449,,,,,0.798722889,0.798722889,,,,,0.752606816,0.752606816,,,,,0.7927656862,0.7927656862,,,,,0.7702521577,0.7702521577,,,,,0.8010555079,0.8010555079,,,,,0.7861996362,0.7861996362,,,,,0.7918174391,0.7918174391,,,,,0.7937294784,0.7937294784,,,,,2327,DYR_ECOLI,medium,Prokaryote
ENV_HV1B9_DuenasDecamp_2016,0.7652962682,0.7652962682,,,,,0.7712630199,0.7712630199,,,,,0.7724011865,0.7724011865,,,,,0.7677105608,0.7677105608,,,,,0.7909567497,0.7909567497,,,,,0.7509139822,0.7509139822,,,,,0.7600882941,0.7600882941,,,,,0.7617265641,0.7617265641,,,,,0.7484651997,0.7484651997,,,,,0.7608815617,0.7608815617,,,,,0.7766089536,0.7766089536,,,,,0.7593295165,0.7593295165,,,,,0.775815686,0.775815686,,,,,0.7746430296,0.7746430296,,,,,0.7701248534,0.7701248534,,,,,375,ENV_HV1B9,medium,Virus
ENV_HV1BR_Haddox_2016,0.6717895174,0.6717895174,,,,,0.6815667876,0.6815667876,,,,,0.6842959199,0.6842959199,,,,,0.673983716,0.673983716,,,,,0.6602167714,0.6602167714,,,,,0.6669843524,0.6669843524,,,,,0.6559477186,0.6559477186,,,,,0.6500527533,0.6500527533,,,,,0.669303129,0.669303129,,,,,0.6734408371,0.6734408371,,,,,0.6703644934,0.6703644934,,,,,0.6754038613,0.6754038613,,,,,0.6886129107,0.6886129107,,,,,0.6844902696,0.6844902696,,,,,0.6855795757,0.6855795757,,,,,12563,ENV_HV1BR,medium,Virus
ESTA_BACSU_Nutschel_2020,0.6871607815,0.6871607815,,,,,0.6439354447,0.6439354447,,,,,0.6735600049,0.6735600049,,,,,0.7144589249,0.7144589249,,,,,0.6449013469,0.6449013469,,,,,0.6552301905,0.6552301905,,,,,0.7202951098,0.7202951098,,,,,0.6901055697,0.6901055697,,,,,0.6403747118,0.6403747118,,,,,0.6987472394,0.6987472394,,,,,0.6596723699,0.6596723699,,,,,0.7149006189,0.7149006189,,,,,0.6912966873,0.6912966873,,,,,0.6963523844,0.6963523844,,,,,0.7028496542,0.7028496542,,,,,2030,ESTA_BACSU,high,Prokaryote
F7YBW8_MESOW_Aakre_2015,0.6766838471,,0.788042588,0.6503932027,0.5591893445,,0.68529236,,0.9109336609,0.7393489684,0.549221217,,0.6842900106,,0.903972154,0.7175349545,0.5562096879,,0.6638281343,,0.7882882883,0.6743183853,0.5582104765,,0.6689751912,,0.7307944308,0.6746980216,0.5647617348,,0.6707519018,,0.8710892711,0.7010330574,0.5525881033,,0.6742175401,,0.9024570025,0.6990154021,0.5336524881,,0.6581863189,,0.8079443079,0.6699023218,0.531657219,,0.5360774956,,0.4853808354,0.5025820852,0.5512891607,,0.6765905749,,0.7964373464,0.6522581661,0.5566963927,,0.6741435402,,0.7498771499,0.6751960152,0.5695506505,,0.6795525197,,0.7837018837,0.6839918535,0.563255869,,0.6928669891,,0.913022113,0.7248384871,0.5647044538,,0.6885976177,,0.8898443898,0.704598289,0.5626877196,,0.6883741922,,0.8922604423,0.7057980513,0.5610805387,,9174,F7YBW8_MESOW,high,Prokaryote
GAL4_YEAST_Kitzman_2015,0.7160858831,0.7160858831,,,,,0.6601667476,0.6601667476,,,,,0.7296948357,0.7296948357,,,,,0.7609842966,0.7609842966,,,,,0.7221952404,0.7221952404,,,,,0.7327707625,0.7327707625,,,,,0.73743322,0.73743322,,,,,0.7354095839,0.7354095839,,,,,0.6910433868,0.6910433868,,,,,0.7375424964,0.7375424964,,,,,0.7251861745,0.7251861745,,,,,0.7540310831,0.7540310831,,,,,0.7153796341,0.7153796341,,,,,0.728525174,0.728525174,,,,,0.7394609034,0.7394609034,,,,,1051,GAL4_YEAST,medium,Eukaryote
GCN4_YEAST_Staller_2018_induction,0.6243648961,0.8585858586,0.5256410256,0.6455748553,0.5710321131,0.5705125433,0.7067756835,0.8333333333,0.6435897436,0.752688172,0.645632351,0.7029303633,0.6864486329,0.8939393939,0.5769230769,0.7299421009,0.6229681512,0.6689338235,0.6519891231,0.8888888889,0.5461538462,0.6790736146,0.5814061055,0.6213127163,0.6531066081,0.7929292929,0.6717948718,0.6021505376,0.6078366592,0.6318447232,0.646222901,0.7373737374,0.5435897436,0.641025641,0.6045989163,0.6177660035,0.6246386799,0.8484848485,0.6282051282,0.5913978495,0.5564292322,0.5902141003,0.6402294569,0.8838383838,0.5564102564,0.6716294458,0.5897978063,0.6016868512,0.6405088281,0.8939393939,0.5717948718,0.6670802316,0.5998414167,0.5941176471,0.6259517247,0.8636363636,0.5282051282,0.6439205955,0.5714946478,0.5729346886,0.660295761,0.797979798,0.6666666667,0.5963606286,0.6287167966,0.6387867647,0.6567123594,0.8787878788,0.5794871795,0.6980976013,0.5934320074,0.6318663495,0.6829360054,0.8888888889,0.5923076923,0.7249793218,0.6301704771,0.6677551903,0.6698986814,0.9141414141,0.5615384615,0.7076095947,0.614510374,0.6438365052,0.6702637264,0.9090909091,0.5538461538,0.7055417701,0.6131227699,0.6443663495,1053,GCN4_YEAST,low,Eukaryote
GFP_AEQVI_Sarkisyan_2016,0.9036031944,0.7713483844,0.7979239249,0.8048617137,0.8259393475,0.8815350654,0.8789674827,0.7275899845,0.760372982,0.7491485722,0.7568380359,0.8219526928,0.9043573574,0.7814282326,0.8209606435,0.8147860142,0.8248692812,0.8719953524,0.8863348604,0.7437177417,0.7853262001,0.792566887,0.8105132335,0.8577498765,0.5653345058,0.5111188914,0.518025121,0.5166967299,0.5039674938,0.5430331808,0.8606085266,0.6473690749,0.6808599381,0.6973472954,0.7219710856,0.8040172322,0.9015994591,0.7705182793,0.7982613778,0.8019797783,0.8217316596,0.8773759071,0.8844320475,0.7606925449,0.7791782102,0.7735062006,0.7913738319,0.8503223317,0.8940163882,0.7795986131,0.7937696196,0.7838149421,0.800247187,0.8595322703,0.9031744467,0.7695921756,0.7959672082,0.8036838705,0.8251748215,0.8813333021,0.5647426275,0.503021131,0.5037548523,0.5037288611,0.4954228825,0.5400198345,0.8917306213,0.7663734005,0.7931634111,0.8024411616,0.8246635481,0.8691342447,0.9190244905,0.8177947438,0.8551449476,0.8534945986,0.8656291984,0.9045402866,0.9200590832,0.8302067922,0.8604265607,0.8573502541,0.8694654171,0.9072109607,0.9199053855,0.830037383,0.8594507388,0.8570296547,0.8692469962,0.9072497128,48211,GFP_AEQVI,low,Eukaryote
GRB2_HUMAN_Faure_2021,0.8332893197,0.845535477,0.8253204615,,,,0.759710022,0.7784347595,0.7459630658,,,,0.798314004,0.8196142262,0.7872832059,,,,0.7744104371,0.8201346443,0.7610164006,,,,0.7806461237,0.8241872619,0.7682934519,,,,0.7863486405,0.819503499,0.7745029627,,,,0.7747849267,0.7878188945,0.765377434,,,,0.823688924,0.8305872974,0.8150154331,,,,0.7949619802,0.8066702099,0.7880218896,,,,0.8357076793,0.8475507131,0.8279944048,,,,0.7958890639,0.8352599876,0.7842027917,,,,0.7767325127,0.8246744619,0.7631459011,,,,0.8332972027,0.8494330764,0.8248916425,,,,0.8370828729,0.8528766941,0.8287502804,,,,0.8375737506,0.8527659669,0.8292718736,,,,14681,GRB2_HUMAN,medium,Human
HIS7_YEAST_Pokusaeva_2019,0.7682420255,0.5144927536,0.7650944993,0.7798543028,0.766392892,0.7633363518,0.8491801587,0.5548654244,0.8213747085,0.8578591807,0.8699777511,0.8484731385,0.8651587745,0.5734989648,0.8536788129,0.8857736301,0.8900852904,0.8631573241,0.7888530649,0.5672877847,0.849654594,0.8522758861,0.8123903277,0.781496509,0.7337072089,0.5962732919,0.7928299749,0.7953713403,0.7610076653,0.7262187676,0.7553774803,0.5445134576,0.7783148308,0.7943422304,0.774140223,0.7497787167,0.762860956,0.5113871636,0.7935141657,0.8014831198,0.7794780811,0.7564635664,0.7963954906,0.5305383023,0.7869922826,0.8147862947,0.8005637898,0.7930582846,0.7598373242,0.6231884058,0.8219963657,0.8192212571,0.7918198552,0.7530676214,0.7712991019,0.5010351967,0.7699426898,0.7850480236,0.7723068101,0.7663590883,0.7730545807,0.5351966874,0.7911011057,0.8062730254,0.7831163057,0.7671479837,0.7896376656,0.5745341615,0.8276280651,0.8358129299,0.8032561023,0.7832652112,0.8385234207,0.5175983437,0.8265686729,0.8603079859,0.8634723283,0.8358586685,0.836354985,0.5341614907,0.835396941,0.8632667546,0.8606242556,0.8327073149,0.8378550874,0.5248447205,0.8361620576,0.8649111202,0.8630045901,0.8342019205,496102,HIS7_YEAST,medium,Eukaryote
HSP82_YEAST_Flynn_2019,0.8377189493,0.8377189493,,,,,0.7972382079,0.7972382079,,,,,0.8316651038,0.8316651038,,,,,0.8249082367,0.8249082367,,,,,0.8516534401,0.8516534401,,,,,0.8231291615,0.8231291615,,,,,0.8489968521,0.8489968521,,,,,0.8079211252,0.8079211252,,,,,0.8187805191,0.8187805191,,,,,0.8398554353,0.8398554353,,,,,0.8649166009,0.8649166009,,,,,0.8313108396,0.8313108396,,,,,0.8436920673,0.8436920673,,,,,0.8481034186,0.8481034186,,,,,0.849016856,0.849016856,,,,,11425,HSP82_YEAST,medium,Eukaryote
HSP82_YEAST_Mishra_2016,0.8903117029,0.8903117029,,,,,0.8414768961,0.8414768961,,,,,0.874020672,0.874020672,,,,,0.8474022388,0.8474022388,,,,,0.8843074868,0.8843074868,,,,,0.8320204494,0.8320204494,,,,,0.8936369411,0.8936369411,,,,,0.8324187917,0.8324187917,,,,,0.8805521059,0.8805521059,,,,,0.8937379911,0.8937379911,,,,,0.889468782,0.889468782,,,,,0.837179234,0.837179234,,,,,0.8884946843,0.8884946843,,,,,0.8932915297,0.8932915297,,,,,0.895151437,0.895151437,,,,,3990,HSP82_YEAST,medium,Eukaryote
I6TAH8_I68A0_Doud_2015,0.6847295734,0.6847295734,,,,,0.6730278142,0.6730278142,,,,,0.6765652203,0.6765652203,,,,,0.645852665,0.645852665,,,,,0.5073643929,0.5073643929,,,,,0.6080759755,0.6080759755,,,,,0.6485428861,0.6485428861,,,,,0.6639796177,0.6639796177,,,,,0.6773960978,0.6773960978,,,,,0.6833169655,0.6833169655,,,,,0.5056963383,0.5056963383,,,,,0.656232334,0.656232334,,,,,0.7086913664,0.7086913664,,,,,0.7042341958,0.7042341958,,,,,0.7031995418,0.7031995418,,,,,9462,I6TAH8_I68A0,medium,Virus
IF1_ECOLI_Kelsic_2016,0.788795009,0.788795009,,,,,0.7936522455,0.7936522455,,,,,0.7797951157,0.7797951157,,,,,0.6169281076,0.6169281076,,,,,0.8048225556,0.8048225556,,,,,0.8043461691,0.8043461691,,,,,0.8004950608,0.8004950608,,,,,0.7540016464,0.7540016464,,,,,0.6965151377,0.6965151377,,,,,0.79495945,0.79495945,,,,,0.821945791,0.821945791,,,,,0.6354119028,0.6354119028,,,,,0.8091252782,0.8091252782,,,,,0.799860514,0.799860514,,,,,0.8024863563,0.8024863563,,,,,1102,IF1_ECOLI,high,Prokaryote
KCNH2_HUMAN_Kozek_2020,0.6470717263,0.6470717263,,,,,0.7360166703,0.7360166703,,,,,0.7612415003,0.7612415003,,,,,0.711230533,0.711230533,,,,,0.6252467646,0.6252467646,,,,,0.7470936609,0.7470936609,,,,,0.6566132924,0.6566132924,,,,,0.7299298092,0.7299298092,,,,,0.7393617021,0.7393617021,,,,,0.6467427067,0.6467427067,,,,,0.6252467646,0.6252467646,,,,,0.6863347225,0.6863347225,,,,,0.7323974556,0.7323974556,,,,,0.7359069971,0.7359069971,,,,,0.7367843825,0.7367843825,,,,,191,KCNH2_HUMAN,medium,Human
KKA2_KLEPN_Melnikov_2014,0.8354450527,0.8354450527,,,,,0.8343263737,0.8343263737,,,,,0.8341102272,0.8341102272,,,,,0.8336407924,0.8336407924,,,,,0.8466762243,0.8466762243,,,,,0.7835528588,0.7835528588,,,,,0.8398595638,0.8398595638,,,,,0.8142566598,0.8142566598,,,,,0.6649125545,0.6649125545,,,,,0.8504156128,0.8504156128,,,,,0.8608102223,0.8608102223,,,,,0.8427072808,0.8427072808,,,,,0.8552799822,0.8552799822,,,,,0.8496207514,0.8496207514,,,,,0.8566130645,0.8566130645,,,,,3958,KKA2_KLEPN,high,Prokaryote
MK01_HUMAN_Brenan_2016,0.6502512642,0.6502512642,,,,,0.544727061,0.544727061,,,,,0.5988651175,0.5988651175,,,,,0.6095537997,0.6095537997,,,,,0.6207200882,0.6207200882,,,,,0.6281255084,0.6281255084,,,,,0.6427542773,0.6427542773,,,,,0.6398882409,0.6398882409,,,,,0.6436664935,0.6436664935,,,,,0.6491665974,0.6491665974,,,,,0.6301715588,0.6301715588,,,,,0.6111986819,0.6111986819,,,,,0.6119148924,0.6119148924,,,,,0.6277336297,0.6277336297,,,,,0.6269158996,0.6269158996,,,,,5501,MK01_HUMAN,medium,Human
MSH2_HUMAN_Jia_2020,0.8508018456,0.8508018456,,,,,0.7664529303,0.7664529303,,,,,0.8248864298,0.8248864298,,,,,0.8590352924,0.8590352924,,,,,0.833493648,0.833493648,,,,,0.8406976062,0.8406976062,,,,,0.8376252343,0.8376252343,,,,,0.8629396483,0.8629396483,,,,,0.8319795655,0.8319795655,,,,,0.8524826544,0.8524826544,,,,,0.8522919404,0.8522919404,,,,,0.8643162892,0.8643162892,,,,,0.8525653299,0.8525653299,,,,,0.8591466412,0.8591466412,,,,,0.8596813668,0.8596813668,,,,,15110,MSH2_HUMAN,medium,Human
MTH3_HAEAE_Rockah-Shmuel_2015,0.8385174865,0.8385174865,,,,,0.8348611376,0.8348611376,,,,,0.8316439244,0.8316439244,,,,,0.8411554146,0.8411554146,,,,,0.8573525626,0.8573525626,,,,,0.8464748727,0.8464748727,,,,,0.8388247776,0.8388247776,,,,,0.823193419,0.823193419,,,,,0.7450729609,0.7450729609,,,,,0.8403809579,0.8403809579,,,,,0.8597527552,0.8597527552,,,,,0.8443342164,0.8443342164,,,,,0.852728662,0.852728662,,,,,0.8486196816,0.8486196816,,,,,0.849535326,0.849535326,,,,,1581,MTH3_HAEAE,medium,Prokaryote
NCAP_I34A1_Doud_2015,0.6845934171,0.6845934171,,,,,0.7095515973,0.7095515973,,,,,0.7170193529,0.7170193529,,,,,0.6690037302,0.6690037302,,,,,0.5170744052,0.5170744052,,,,,0.6460536491,0.6460536491,,,,,0.6645141681,0.6645141681,,,,,0.6698153515,0.6698153515,,,,,0.6874055422,0.6874055422,,,,,0.6856796743,0.6856796743,,,,,0.5181873798,0.5181873798,,,,,0.6788788502,0.6788788502,,,,,0.7288048835,0.7288048835,,,,,0.7267293205,0.7267293205,,,,,0.7263929395,0.7263929395,,,,,9462,NCAP_I34A1,medium,Virus
NRAM_I33A0_Jiang_2016_standard,0.7994684924,0.7994684924,,,,,0.7721273816,0.7721273816,,,,,0.8232061619,0.8232061619,,,,,0.7636142516,0.7636142516,,,,,0.5979009955,0.5979009955,,,,,0.686185307,0.686185307,,,,,0.7186613216,0.7186613216,,,,,0.7856402865,0.7856402865,,,,,0.7797621729,0.7797621729,,,,,0.7948290618,0.7948290618,,,,,0.7453718301,0.7453718301,,,,,0.8253231836,0.8253231836,,,,,0.8252781406,0.8252781406,,,,,0.8306833026,0.8306833026,,,,,0.8293320121,0.8293320121,,,,,298,NRAM_I33A0,low,Virus
NUD15_HUMAN_Suiter_2020,0.8165494929,0.8165494929,,,,,0.7872496846,0.7872496846,,,,,0.8108125375,0.8108125375,,,,,0.8299633746,0.8299633746,,,,,0.8234478563,0.8234478563,,,,,0.7644715927,0.7644715927,,,,,0.8045358802,0.8045358802,,,,,0.7868282213,0.7868282213,,,,,0.7196963557,0.7196963557,,,,,0.8141661271,0.8141661271,,,,,0.8451598939,0.8451598939,,,,,0.8494231578,0.8494231578,,,,,0.835694132,0.835694132,,,,,0.8351410806,0.8351410806,,,,,0.8334628554,0.8334628554,,,,,2088,NUD15_HUMAN,high,Human
P53_HUMAN_Giacomelli_2018_NULL_Etoposide,0.8405549981,0.8405549981,,,,,0.7942885098,0.7942885098,,,,,0.8308804895,0.8308804895,,,,,0.7819185745,0.7819185745,,,,,0.8335100789,0.8335100789,,,,,0.6393555151,0.6393555151,,,,,0.7795584161,0.7795584161,,,,,0.8488411489,0.8488411489,,,,,0.8505622309,0.8505622309,,,,,0.8415812186,0.8415812186,,,,,0.864232844,0.864232844,,,,,0.787515752,0.787515752,,,,,0.8543042314,0.8543042314,,,,,0.858770382,0.858770382,,,,,0.8585572945,0.8585572945,,,,,6403,P53_HUMAN,low,Human
P53_HUMAN_Giacomelli_2018_NULL_Nutlin,0.6920180579,0.6920180579,,,,,0.6551702124,0.6551702124,,,,,0.6765197172,0.6765197172,,,,,0.6506512575,0.6506512575,,,,,0.6928799369,0.6928799369,,,,,0.567706819,0.567706819,,,,,0.6412586588,0.6412586588,,,,,0.6974125053,0.6974125053,,,,,0.6909886391,0.6909886391,,,,,0.6912600251,0.6912600251,,,,,0.7185134772,0.7185134772,,,,,0.6515044868,0.6515044868,,,,,0.6943257233,0.6943257233,,,,,0.6968013217,0.6968013217,,,,,0.6961497398,0.6961497398,,,,,6403,P53_HUMAN,low,Human
P53_HUMAN_Giacomelli_2018_WT_Nutlin,0.8552748789,0.8552748789,,,,,0.7939329802,0.7939329802,,,,,0.832044219,0.832044219,,,,,0.7837819892,0.7837819892,,,,,0.8487872045,0.8487872045,,,,,0.6367463249,0.6367463249,,,,,0.787041579,0.787041579,,,,,0.8686009653,0.8686009653,,,,,0.868223697,0.868223697,,,,,0.8559950988,0.8559950988,,,,,0.8783748321,0.8783748321,,,,,0.7871060311,0.7871060311,,,,,0.8555378781,0.8555378781,,,,,0.8622201344,0.8622201344,,,,,0.8623341872,0.8623341872,,,,,6403,P53_HUMAN,low,Human
P53_HUMAN_Kotler_2018,0.8064974148,0.8064974148,,,,,0.7464314941,0.7464314941,,,,,0.819525054,0.819525054,,,,,0.8342931059,0.8342931059,,,,,0.8103082209,0.8103082209,,,,,0.74747989,0.74747989,,,,,0.7454924632,0.7454924632,,,,,0.8337142254,0.8337142254,,,,,0.8523685074,0.8523685074,,,,,0.8190989075,0.8190989075,,,,,0.8536016925,0.8536016925,,,,,0.8341234015,0.8341234015,,,,,0.8289266764,0.8289266764,,,,,0.8422465842,0.8422465842,,,,,0.845320119,0.845320119,,,,,1048,P53_HUMAN,low,Human
P84126_THETH_Chan_2017,0.8235222589,0.8235222589,,,,,0.7990142388,0.7990142388,,,,,0.809779789,0.809779789,,,,,0.8519971032,0.8519971032,,,,,0.8057391047,0.8057391047,,,,,0.8450938923,0.8450938923,,,,,0.8334384187,0.8334384187,,,,,0.8214046377,0.8214046377,,,,,0.7881162809,0.7881162809,,,,,0.8246815011,0.8246815011,,,,,0.8300678792,0.8300678792,,,,,0.853168055,0.853168055,,,,,0.8292806393,0.8292806393,,,,,0.8267567879,0.8267567879,,,,,0.8276521156,0.8276521156,,,,,1500,P84126_THETH,medium,Prokaryote
PABP_YEAST_Melamed_2013,0.8389086657,0.8567273693,0.8408147281,,,,0.8476662908,0.8667318345,0.84657867,,,,0.8729483301,0.8861051776,0.8722656444,,,,0.8536415374,0.8805739594,0.8531379688,,,,0.8530182201,0.8698413848,0.8525139973,,,,0.7865682432,0.827932853,0.7847809108,,,,0.827984578,0.8480725213,0.8296597713,,,,0.8388226822,0.8529580955,0.8426300496,,,,0.8542937918,0.8649135722,0.8540493921,,,,0.8460552687,0.8593541951,0.8478717183,,,,0.8621866118,0.8793389893,0.8616776225,,,,0.8509619661,0.8830117181,0.850819145,,,,0.8680385427,0.8858799062,0.8683457684,,,,0.8695755601,0.887609669,0.8699868291,,,,0.8723746008,0.8885027093,0.87273462,,,,36638,PABP_YEAST,medium,Eukaryote
PA_I34A1_Wu_2015,0.781522763,0.781522763,,,,,0.7769484362,0.7769484362,,,,,0.7961731675,0.7961731675,,,,,0.7037688685,0.7037688685,,,,,0.5368288854,0.5368288854,,,,,0.6667153725,0.6667153725,,,,,0.7662311315,0.7662311315,,,,,0.772874049,0.772874049,,,,,0.7720021737,0.7720021737,,,,,0.7833407801,0.7833407801,,,,,0.5687743026,0.5687743026,,,,,0.6654353339,0.6654353339,,,,,0.8097681439,0.8097681439,,,,,0.8025866441,0.8025866441,,,,,0.8037423017,0.8037423017,,,,,1820,PA_I34A1,medium,Virus
POLG_CXB3N_Mattenberger_2021,0.7270594015,0.7270594015,,,,,0.6726735013,0.6726735013,,,,,0.7023388722,0.7023388722,,,,,0.7382636631,0.7382636631,,,,,0.468917392,0.468917392,,,,,0.6746794906,0.6746794906,,,,,0.6947119071,0.6947119071,,,,,0.68804566,0.68804566,,,,,0.7068340126,0.7068340126,,,,,0.7263671477,0.7263671477,,,,,0.515730111,0.515730111,,,,,0.745015968,0.745015968,,,,,0.7244924889,0.7244924889,,,,,0.7250419865,0.7250419865,,,,,0.7242178777,0.7242178777,,,,,15254,POLG_CXB3N,medium,Virus
POLG_HCVJF_Qi_2014,0.8310432331,0.8310432331,,,,,0.781110589,0.781110589,,,,,0.8083333333,0.8083333333,,,,,0.8162061404,0.8162061404,,,,,0.8246577381,0.8246577381,,,,,0.6255968045,0.6255968045,,,,,0.7197830514,0.7197830514,,,,,0.7794619361,0.7794619361,,,,,0.8226832707,0.8226832707,,,,,0.8279589599,0.8279589599,,,,,0.8510307018,0.8510307018,,,,,0.8001300125,0.8001300125,,,,,0.8409743108,0.8409743108,,,,,0.8429385965,0.8429385965,,,,,0.8403477444,0.8403477444,,,,,1612,POLG_HCVJF,medium,Virus
PTEN_HUMAN_Matreyek_2021,0.703469856,0.703469856,,,,,0.6733959018,0.6733959018,,,,,0.7195611194,0.7195611194,,,,,0.7120327366,0.7120327366,,,,,0.672873653,0.672873653,,,,,0.7293858196,0.7293858196,,,,,0.680409078,0.680409078,,,,,0.7231026368,0.7231026368,,,,,0.7300270814,0.7300270814,,,,,0.7159146734,0.7159146734,,,,,0.7012505803,0.7012505803,,,,,0.7140239863,0.7140239863,,,,,0.724578539,0.724578539,,,,,0.7281959712,0.7281959712,,,,,0.7354001316,0.7354001316,,,,,3818,PTEN_HUMAN,medium,Human
PTEN_HUMAN_Mighell_2018,0.8473679639,0.8473679639,,,,,0.7125638899,0.7125638899,,,,,0.7923719861,0.7923719861,,,,,0.826710691,0.826710691,,,,,0.8151742443,0.8151742443,,,,,0.8303925603,0.8303925603,,,,,0.8302565883,0.8302565883,,,,,0.8475494396,0.8475494396,,,,,0.824752802,0.824752802,,,,,0.8513353282,0.8513353282,,,,,0.8418468539,0.8418468539,,,,,0.8031063828,0.8031063828,,,,,0.8414863665,0.8414863665,,,,,0.8502660308,0.8502660308,,,,,0.8504659081,0.8504659081,,,,,5525,PTEN_HUMAN,medium,Human
Q2N0S5_9HIV1_Haddox_2018,0.7588902197,0.7588902197,,,,,0.7129935664,0.7129935664,,,,,0.7558408159,0.7558408159,,,,,0.7570405128,0.7570405128,,,,,0.7581271717,0.7581271717,,,,,0.709692154,0.709692154,,,,,0.6927389683,0.6927389683,,,,,0.7058019426,0.7058019426,,,,,0.7497300553,0.7497300553,,,,,0.7594009622,0.7594009622,,,,,0.772498492,0.772498492,,,,,0.7634494938,0.7634494938,,,,,0.7611688047,0.7611688047,,,,,0.7660767189,0.7660767189,,,,,0.7658382769,0.7658382769,,,,,12482,Q2N0S5_9HIV1,medium,Virus
Q59976_STRSQ_Romero_2015,0.8483545417,0.8483545417,,,,,0.8415651918,0.8415651918,,,,,0.8513704744,0.8513704744,,,,,0.8632801511,0.8632801511,,,,,0.7737295391,0.7737295391,,,,,0.8421887159,0.8421887159,,,,,0.8521221742,0.8521221742,,,,,0.8393493672,0.8393493672,,,,,0.79978542,0.79978542,,,,,0.8517315582,0.8517315582,,,,,0.7855978099,0.7855978099,,,,,0.8402682128,0.8402682128,,,,,0.8626450577,0.8626450577,,,,,0.8606801041,0.8606801041,,,,,0.8622358699,0.8622358699,,,,,2641,Q59976_STRSQ,medium,Prokaryote
R1AB_SARS2_Flynn_2022_growth,0.8462957129,0.8462957129,,,,,0.6298484857,0.6298484857,,,,,0.7336868964,0.7336868964,,,,,0.4964742468,0.4964742468,,,,,0.4966060431,0.4966060431,,,,,0.6625858536,0.6625858536,,,,,0.7020909059,0.7020909059,,,,,0.8233028118,0.8233028118,,,,,0.834500894,0.834500894,,,,,0.8484662243,0.8484662243,,,,,0.4899748234,0.4899748234,,,,,0.4964742468,0.4964742468,,,,,0.7919601299,0.7919601299,,,,,0.8131676922,0.8131676922,,,,,0.8137606401,0.8137606401,,,,,5725,R1AB_SARS2,medium,Virus
RASH_HUMAN_Bandaru_2017,0.8283285911,0.8283285911,,,,,0.7605503317,0.7605503317,,,,,0.8060542382,0.8060542382,,,,,0.8099127895,0.8099127895,,,,,0.7862420085,0.7862420085,,,,,0.8608801647,0.8608801647,,,,,0.8324228802,0.8324228802,,,,,0.8154810027,0.8154810027,,,,,0.8027641576,0.8027641576,,,,,0.8340490465,0.8340490465,,,,,0.8103982645,0.8103982645,,,,,0.8149370307,0.8149370307,,,,,0.8224701428,0.8224701428,,,,,0.8350329958,0.8350329958,,,,,0.8339260528,0.8339260528,,,,,3064,RASH_HUMAN,high,Human
REV_HV1H2_Fernandes_2016,0.6093720357,0.6093720357,,,,,0.6163547946,0.6163547946,,,,,0.6154570252,0.6154570252,,,,,0.6131286322,0.6131286322,,,,,0.6176673287,0.6176673287,,,,,0.5805475861,0.5805475861,,,,,0.6162338014,0.6162338014,,,,,0.5738537589,0.5738537589,,,,,0.606754711,0.606754711,,,,,0.6097233999,0.6097233999,,,,,0.6258551799,0.6258551799,,,,,0.6160218214,0.6160218214,,,,,0.623116862,0.623116862,,,,,0.6185442874,0.6185442874,,,,,0.6187843379,0.6187843379,,,,,2033,REV_HV1H2,medium,Virus
RL401_YEAST_Mavor_2016,0.705703133,0.705703133,,,,,0.6934433074,0.6934433074,,,,,0.7217009745,0.7217009745,,,,,0.7169900503,0.7169900503,,,,,0.6654810578,0.6654810578,,,,,0.7286649493,0.7286649493,,,,,0.6986840136,0.6986840136,,,,,0.6808014086,0.6808014086,,,,,0.6666193999,0.6666193999,,,,,0.7040074366,0.7040074366,,,,,0.6840923593,0.6840923593,,,,,0.7305004766,0.7305004766,,,,,0.7138901362,0.7138901362,,,,,0.7190382782,0.7190382782,,,,,0.7184119932,0.7184119932,,,,,1109,RL401_YEAST,medium,Eukaryote
RL401_YEAST_Roscoe_2013,0.7092851394,0.7092851394,,,,,0.7000456557,0.7000456557,,,,,0.7243089733,0.7243089733,,,,,0.7217863002,0.7217863002,,,,,0.6570944377,0.6570944377,,,,,0.7403233045,0.7403233045,,,,,0.7123436871,0.7123436871,,,,,0.6822708701,0.6822708701,,,,,0.6597293156,0.6597293156,,,,,0.7091032903,0.7091032903,,,,,0.6945553595,0.6945553595,,,,,0.7205907388,0.7205907388,,,,,0.7217476089,0.7217476089,,,,,0.7243863559,0.7243863559,,,,,0.724359272,0.724359272,,,,,1075,RL401_YEAST,medium,Eukaryote
RL401_YEAST_Roscoe_2014,0.7424249451,0.7424249451,,,,,0.7219393853,0.7219393853,,,,,0.7586078953,0.7586078953,,,,,0.7145828502,0.7145828502,,,,,0.6647139621,0.6647139621,,,,,0.744155265,0.744155265,,,,,0.7326406108,0.7326406108,,,,,0.6755739489,0.6755739489,,,,,0.7278510141,0.7278510141,,,,,0.7418933624,0.7418933624,,,,,0.681795965,0.681795965,,,,,0.7150466473,0.7150466473,,,,,0.7492427621,0.7492427621,,,,,0.7561890151,0.7561890151,,,,,0.7559214399,0.7559214399,,,,,1224,RL401_YEAST,medium,Eukaryote
SC6A4_HUMAN_Young_2021,0.7620884248,0.7620884248,,,,,0.7158989391,0.7158989391,,,,,0.7504549147,0.7504549147,,,,,0.7707370419,0.7707370419,,,,,0.751113815,0.751113815,,,,,0.7684467806,0.7684467806,,,,,0.7452113975,0.7452113975,,,,,0.7598387036,0.7598387036,,,,,0.7458152367,0.7458152367,,,,,0.7605430715,0.7605430715,,,,,0.7532264905,0.7532264905,,,,,0.7720680543,0.7720680543,,,,,0.7648940656,0.7648940656,,,,,0.769408029,0.769408029,,,,,0.7687059702,0.7687059702,,,,,9260,SC6A4_HUMAN,medium,Human
SCN5A_HUMAN_Glazer_2019,0.5942514548,0.5942514548,,,,,0.5369423382,0.5369423382,,,,,0.5379121848,0.5379121848,,,,,0.5770587198,0.5770587198,,,,,0.60439076,0.60439076,,,,,0.5866690178,0.5866690178,,,,,0.5638335391,0.5638335391,,,,,0.5488450009,0.5488450009,,,,,0.5461999647,0.5461999647,,,,,0.579703756,0.579703756,,,,,0.5750308588,0.5750308588,,,,,0.5675365897,0.5675365897,,,,,0.5599541527,0.5599541527,,,,,0.5577499559,0.5577499559,,,,,0.5551930876,0.5551930876,,,,,213,SCN5A_HUMAN,medium,Human
SPG1_STRSG_Olson_2014,0.6184845088,0.6218513113,0.6180473017,,,,0.6507400951,0.6749376148,0.650365545,,,,0.6543969194,0.6804541959,0.6540635374,,,,0.5625478217,0.5689219518,0.5623914963,,,,0.6296451097,0.6816234286,0.6292233421,,,,0.6605481519,0.72588948,0.6602478872,,,,0.5131622897,0.4870207323,0.5133928755,,,,0.6005662611,0.5321813645,0.600080308,,,,0.5963946181,0.5888028313,0.5958981811,,,,0.6276131968,0.6261868889,0.6272100245,,,,0.6063146058,0.6517648351,0.6058427039,,,,0.6057188189,0.6317544768,0.6053394115,,,,0.6722451416,0.6999937222,0.6719607872,,,,0.6706990914,0.700849067,0.6704306398,,,,0.6737692735,0.7007784422,0.6735121842,,,,537451,SPG1_STRSG,low,Prokaryote
SPIKE_SARS2_Starr_2020_bind,0.6239576877,0.6239576877,,,,,0.6733760083,0.6733760083,,,,,0.6494574249,0.6494574249,,,,,0.7057477643,0.7057477643,,,,,0.4446072619,0.4446072619,,,,,0.6586192744,0.6586192744,,,,,0.5546440586,0.5546440586,,,,,0.5948648784,0.5948648784,,,,,0.5697919755,0.5697919755,,,,,0.6283724264,0.6283724264,,,,,0.4587631152,0.4587631152,,,,,0.7077658584,0.7077658584,,,,,0.6746823376,0.6746823376,,,,,0.6582939203,0.6582939203,,,,,0.6593443735,0.6593443735,,,,,3802,SPIKE_SARS2,medium,Virus
SPIKE_SARS2_Starr_2020_expr,0.7431247164,0.7431247164,,,,,0.6903291217,0.6903291217,,,,,0.6850169812,0.6850169812,,,,,0.7709084729,0.7709084729,,,,,0.4686528707,0.4686528707,,,,,0.6802001679,0.6802001679,,,,,0.5984353234,0.5984353234,,,,,0.6635260312,0.6635260312,,,,,0.6066206706,0.6066206706,,,,,0.7413196774,0.7413196774,,,,,0.4844034565,0.4844034565,,,,,0.7957856822,0.7957856822,,,,,0.7613375886,0.7613375886,,,,,0.7481315857,0.7481315857,,,,,0.7423083622,0.7423083622,,,,,3798,SPIKE_SARS2,medium,Virus
SRC_HUMAN_Ahler_2019_CD,0.8226103426,0.8226103426,,,,,0.7216815906,0.7216815906,,,,,0.8065516387,0.8065516387,,,,,0.6722830086,0.6722830086,,,,,0.8605773216,0.8605773216,,,,,0.8156327037,0.8156327037,,,,,0.8015776687,0.8015776687,,,,,0.7981599484,0.7981599484,,,,,0.8247542268,0.8247542268,,,,,0.8249186375,0.8249186375,,,,,0.8751827061,0.8751827061,,,,,0.7459078784,0.7459078784,,,,,0.8095854033,0.8095854033,,,,,0.8239282067,0.8239282067,,,,,0.8256730626,0.8256730626,,,,,3366,SRC_HUMAN,medium,Human
SUMO1_HUMAN_Weile_2017,0.8030719491,0.8030719491,,,,,0.7439392982,0.7439392982,,,,,0.7790345002,0.7790345002,,,,,0.7324076414,0.7324076414,,,,,0.7504212477,0.7504212477,,,,,0.8065972661,0.8065972661,,,,,0.7910663886,0.7910663886,,,,,0.7326656557,0.7326656557,,,,,0.766620856,0.766620856,,,,,0.7999599815,0.7999599815,,,,,0.7870329416,0.7870329416,,,,,0.7561159906,0.7561159906,,,,,0.7974324951,0.7974324951,,,,,0.8013395678,0.8013395678,,,,,0.7993386411,0.7993386411,,,,,1235,SUMO1_HUMAN,high,Human
SYUA_HUMAN_Newberry_2020,0.6916125463,0.6916125463,,,,,0.696821629,0.696821629,,,,,0.6846685301,0.6846685301,,,,,0.6558220468,0.6558220468,,,,,0.7731193182,0.7731193182,,,,,0.7574295579,0.7574295579,,,,,0.6787152928,0.6787152928,,,,,0.6718252256,0.6718252256,,,,,0.644485891,0.644485891,,,,,0.6888679943,0.6888679943,,,,,0.7882610245,0.7882610245,,,,,0.6951072473,0.6951072473,,,,,0.7059689938,0.7059689938,,,,,0.6989984312,0.6989984312,,,,,0.6969449411,0.6969449411,,,,,1765,SYUA_HUMAN,medium,Human
TADBP_HUMAN_Bolognesi_2019,0.5389169566,0.5389169566,,,,,0.5690400834,0.5690400834,,,,,0.5684732679,0.5684732679,,,,,0.5265125453,0.5265125453,,,,,0.5256770659,0.5256770659,,,,,0.4731041171,0.4731041171,,,,,0.5479761741,0.5479761741,,,,,0.5328605503,0.5328605503,,,,,0.5514376798,0.5514376798,,,,,0.5419590844,0.5419590844,,,,,0.5265780731,0.5265780731,,,,,0.5157594344,0.5157594344,,,,,0.5598104936,0.5598104936,,,,,0.5587325614,0.5587325614,,,,,0.5602462534,0.5602462534,,,,,1105,TADBP_HUMAN,low,Human
TAT_HV1BR_Fernandes_2016,0.7338705104,0.7338705104,,,,,0.6408223062,0.6408223062,,,,,0.6699338374,0.6699338374,,,,,0.716342155,0.716342155,,,,,0.7344291115,0.7344291115,,,,,0.6521568998,0.6521568998,,,,,0.7002155009,0.7002155009,,,,,0.6490151229,0.6490151229,,,,,0.7200897921,0.7200897921,,,,,0.7303856333,0.7303856333,,,,,0.7374933837,0.7374933837,,,,,0.7309943289,0.7309943289,,,,,0.6837731569,0.6837731569,,,,,0.6978544423,0.6978544423,,,,,0.6977069943,0.6977069943,,,,,1558,TAT_HV1BR,high,Virus
TPK1_HUMAN_Weile_2017,0.6343716478,0.6343716478,,,,,0.6772363391,0.6772363391,,,,,0.6787833068,0.6787833068,,,,,0.6525536107,0.6525536107,,,,,0.66351098,0.66351098,,,,,0.6517954056,0.6517954056,,,,,0.6272931567,0.6272931567,,,,,0.636688598,0.636688598,,,,,0.6264276824,0.6264276824,,,,,0.635779834,0.635779834,,,,,0.6850615763,0.6850615763,,,,,0.6671364865,0.6671364865,,,,,0.6652323794,0.6652323794,,,,,0.6621970124,0.6621970124,,,,,0.6628800973,0.6628800973,,,,,2568,TPK1_HUMAN,medium,Human
TPMT_HUMAN_Matreyek_2018,0.7852425423,0.7852425423,,,,,0.7296143914,0.7296143914,,,,,0.7748596394,0.7748596394,,,,,0.7767640072,0.7767640072,,,,,0.7787312438,0.7787312438,,,,,0.7774308941,0.7774308941,,,,,0.7850937263,0.7850937263,,,,,0.7830114954,0.7830114954,,,,,0.7528062168,0.7528062168,,,,,0.7877087503,0.7877087503,,,,,0.7993864323,0.7993864323,,,,,0.7734645885,0.7734645885,,,,,0.7847547122,0.7847547122,,,,,0.7933963878,0.7933963878,,,,,0.7935865859,0.7935865859,,,,,2682,TPMT_HUMAN,medium,Human
TPOR_HUMAN_Bridgford_2020_S505N,0.7419400486,0.7419400486,,,,,0.7373175161,0.7373175161,,,,,0.7732128959,0.7732128959,,,,,0.7584255088,0.7584255088,,,,,0.7179783496,0.7179783496,,,,,0.6795594444,0.6795594444,,,,,0.6819886323,0.6819886323,,,,,0.7204547063,0.7204547063,,,,,0.7514917101,0.7514917101,,,,,0.7563500861,0.7563500861,,,,,0.731303507,0.731303507,,,,,0.7348647438,0.7348647438,,,,,0.7788259711,0.7788259711,,,,,0.7825522983,0.7825522983,,,,,0.7940142921,0.7940142921,,,,,498,TPOR_HUMAN,low,Human
TRPC_SACS2_Chan_2017,0.8295513175,0.8295513175,,,,,0.823777816,0.823777816,,,,,0.8421554406,0.8421554406,,,,,0.8626267422,0.8626267422,,,,,0.8471316624,0.8471316624,,,,,0.833911587,0.833911587,,,,,0.8122224008,0.8122224008,,,,,0.8404804989,0.8404804989,,,,,0.8311795253,0.8311795253,,,,,0.8325432195,0.8325432195,,,,,0.8676478286,0.8676478286,,,,,0.8721903601,0.8721903601,,,,,0.842548005,0.842548005,,,,,0.8430340372,0.8430340372,,,,,0.8447444966,0.8447444966,,,,,1500,TRPC_SACS2,medium,Prokaryote
TRPC_THEMA_Chan_2017,0.7636752779,0.7636752779,,,,,0.7777197994,0.7777197994,,,,,0.7807599784,0.7807599784,,,,,0.7886467555,0.7886467555,,,,,0.7965224774,0.7965224774,,,,,0.7732137014,0.7732137014,,,,,0.7585368226,0.7585368226,,,,,0.7810518356,0.7810518356,,,,,0.7684201682,0.7684201682,,,,,0.7626736771,0.7626736771,,,,,0.8070580796,0.8070580796,,,,,0.7894139862,0.7894139862,,,,,0.7791481308,0.7791481308,,,,,0.7786992898,0.7786992898,,,,,0.7781531631,0.7781531631,,,,,1500,TRPC_THEMA,medium,Prokaryote
UBC9_HUMAN_Weile_2017,0.8034187515,0.8034187515,,,,,0.7393417827,0.7393417827,,,,,0.7667602067,0.7667602067,,,,,0.7810595155,0.7810595155,,,,,0.7735592885,0.7735592885,,,,,0.8250517145,0.8250517145,,,,,0.807292072,0.807292072,,,,,0.7895453985,0.7895453985,,,,,0.7241751615,0.7241751615,,,,,0.8021562849,0.8021562849,,,,,0.7989683034,0.7989683034,,,,,0.7962107359,0.7962107359,,,,,0.8035699232,0.8035699232,,,,,0.8057414468,0.8057414468,,,,,0.804831174,0.804831174,,,,,2222,UBC9_HUMAN,medium,Human
UBE4B_MOUSE_Starita_2013,0.8358590317,0.8358590317,,,,,0.6843220339,0.6843220339,,,,,0.7658064579,0.7658064579,,,,,0.7470868644,0.7470868644,,,,,0.8335981638,0.8335981638,,,,,0.7905386849,0.7905386849,,,,,0.8230932203,0.8230932203,,,,,0.8162370527,0.8162370527,,,,,0.809469162,0.809469162,,,,,0.8324996077,0.8324996077,,,,,0.8420433145,0.8420433145,,,,,0.7612700094,0.7612700094,,,,,0.8185714846,0.8185714846,,,,,0.8250647363,0.8250647363,,,,,0.8220927495,0.8220927495,,,,,852,UBE4B_MOUSE,low,Eukaryote
VKOR1_HUMAN_Chiasson_2020_abundance,0.7333553138,0.7333553138,,,,,0.763318604,0.763318604,,,,,0.7807226297,0.7807226297,,,,,0.7568953005,0.7568953005,,,,,0.7209480094,0.7209480094,,,,,0.737215098,0.737215098,,,,,0.7365685772,0.7365685772,,,,,0.7309653973,0.7309653973,,,,,0.7362397911,0.7362397911,,,,,0.7305924046,0.7305924046,,,,,0.7395626499,0.7395626499,,,,,0.7641055726,0.7641055726,,,,,0.7764134123,0.7764134123,,,,,0.7752935131,0.7752935131,,,,,0.7737370742,0.7737370742,,,,,2087,VKOR1_HUMAN,medium,Human
VKOR1_HUMAN_Chiasson_2020_activity,0.7824418672,0.7824418672,,,,,0.736123132,0.736123132,,,,,0.7609341642,0.7609341642,,,,,0.7591598869,0.7591598869,,,,,0.7797155386,0.7797155386,,,,,0.7744359818,0.7744359818,,,,,0.7808118401,0.7808118401,,,,,0.7647784317,0.7647784317,,,,,0.7616986902,0.7616986902,,,,,0.7798309388,0.7798309388,,,,,0.7884571,0.7884571,,,,,0.7616409901,0.7616409901,,,,,0.7844902198,0.7844902198,,,,,0.7882984248,0.7882984248,,,,,0.786884773,0.786884773,,,,,536,VKOR1_HUMAN,medium,Human
YAP1_HUMAN_Araya_2012,0.7277306509,0.855044784,0.7298499802,,,,0.6187327277,0.6823300843,0.6157816297,,,,0.6909335146,0.7744994731,0.6894437286,,,,0.5484443108,0.5551238145,0.5449140106,,,,0.6492169553,0.7261591149,0.6479121166,,,,0.6070684828,0.679004215,0.6049844201,,,,0.7448209871,0.8692044257,0.7450936171,,,,0.6973449981,0.8254741834,0.700899559,,,,0.726956696,0.8416589831,0.7255220397,,,,0.7342365451,0.8595890411,0.7362854353,,,,0.6544294975,0.7610972076,0.6540336419,,,,0.5418050693,0.5536090622,0.5378640943,,,,0.7115471433,0.8175381981,0.7127176764,,,,0.7242731735,0.8360115911,0.7254191985,,,,0.7253772897,0.8384154373,0.7263112103,,,,10067,YAP1_HUMAN,low,Human
Average,0.7582887448,0.761358474,0.7473386062,0.7332631328,0.7009127985,0.7591655562,0.7298539765,0.7272382491,0.7547815771,0.7757492927,0.7162063118,0.7965641201,0.7588417471,0.7589174766,0.7797685721,0.7853764767,0.7328998818,0.8085851414,0.7438641417,0.7453291986,0.7267100197,0.7472589244,0.6997532006,0.7661754312,0.7203652985,0.7220692021,0.6944882433,0.6351908565,0.6060180681,0.637472107,0.7302600596,0.7293459165,0.7152103108,0.707086908,0.6769022835,0.743212198,0.7394375608,0.7398937549,0.7550933628,0.7349187549,0.6938537542,0.7613238096,0.7444914268,0.7466517844,0.7491571693,0.7397913037,0.697965043,0.7663180965,0.728781427,0.7336965808,0.7243041406,0.6986762297,0.6948263764,0.7549102599,0.7607350332,0.7638247646,0.7528049638,0.7350591861,0.7029761687,0.7602730347,0.7375584947,0.7381278283,0.703552731,0.6340262974,0.6143711127,0.6486411935,0.7511214324,0.7529643073,0.7350517248,0.7552911348,0.7082367798,0.7742369103,0.7713656458,0.7721614474,0.7884218267,0.7933046367,0.7425431509,0.8119118219,0.7734886668,0.7757220072,0.7879933717,0.7865557111,0.7399285793,0.8057388922,0.7744761638,0.7765054205,0.7885523591,0.7866989722,0.7398707786,0.8062548653,-,-,-,-