,Tranception_no_retrieval,Tranception_retrieval,EVE_single,EVE_ensemble,MSA_Transformer_single,MSA_Transformer_ensemble,ESM1v_single,ESM1v_ensemble,Wavenet,DeepSequence,Site_Independent,EVmutation,Ensemble_tranception_EVE,number_mutants,UniProt_ID,Neff_L_category,Taxon
A0A140D2T1_ZIKV_Sourisseau_growth_2019,0.19200888114337683,0.24508099885266973,0.25327913085654424,0.2817568525542136,0.3542455986937357,0.3413011797402496,-0.04875731139146423,-0.009924054531005993,0.16914040765888474,0.09751462278292845,0.26838095296894465,0.2451052166402015,0.27442168181390486,9272,A0A140D2T1_ZIKV,medium,Virus
A0A192B1T2_9HIV1_Haddox_2018,0.39527482988944884,0.39527482988944884,0.39190583999772666,0.39559750321997084,0.40043760317780086,0.40108294983884485,0.38849868994848685,0.39688819654205887,0.356554030226809,0.332676203768181,0.35461799024367696,0.32880412380191704,0.40140562316936684,12484,A0A192B1T2_9HIV1,medium,Virus
A0A1I9GEU1_NEIME_Kennouche_2019,0.09237442144376407,0.07213673487347813,0.006364253520048833,-0.00881401140766562,0.03672078337547774,0.07213673487347813,0.021542518447763285,0.05189904830319219,0.04178020501804922,0.006364253520048833,-0.013873433050237104,0.011423675162620318,0.03672078337547774,791,A0A1I9GEU1_NEIME,medium,Prokaryote
A0A2Z5U3Z0_9INFA_Doud_2016,0.426437419206415,0.41282067339825324,0.40016569687977455,0.4005491810166981,0.12597453897940195,0.4082188637551701,0.3967143396474621,0.425475649916732,0.29739194818425024,0.35395891599585544,0.35683198940740796,0.3524311334562539,0.41243718926132966,10432,A0A2Z5U3Z0_9INFA,medium,Virus
A0A2Z5U3Z0_9INFA_Wu_2014,0.40414748881368545,0.44214426126625417,0.4404171352456829,0.43523575718396895,0.3920576066696863,0.40760174085482803,0.3575150862582602,0.390330480649115,0.34369807809368974,0.33333532197026194,0.40760174085482803,0.4196916229988272,0.4490527653485394,2316,A0A2Z5U3Z0_9INFA,medium,Virus
A4_HUMAN_Seuma_2021,0.23513440795033963,0.35787722918366627,0.24013298438065608,0.2492970411695696,0.2895633513026745,0.2928957355895522,0.21514010222907373,0.2909518447555402,0.16071115887673887,0.29817201071044175,0.35315635144392293,0.3212210020280121,0.3348282378660959,14477,A4_HUMAN,low,Human
A4D664_9INFA_Soh_CCL141_2019,0.3136398371189339,0.2964426939809749,0.32556688800493777,0.3225157819643321,0.2742528318674794,0.28090979050152803,0.018792044285862387,0.024894256367073653,0.1940919549824769,0.33083698025689295,0.34387352424857154,0.2522017143482319,0.3635670268742988,14421,A4D664_9INFA,medium,Virus
A4GRB6_PSEAI_Chen_2020,0.46034048046488524,0.5401106720255874,0.5456502686617473,0.5711324131880826,0.6065858316595057,0.5822116064604024,0.5423265106800513,0.5478661073162112,0.4780671897005968,0.5600532199157628,0.3794623695769511,0.510196850190324,0.5711324131880826,3624,A4GRB6_PSEAI,high,Prokaryote
AACC1_PSEAI_Dandage_2018,0.2814218154555999,0.3278700762589513,0.37705058769779404,0.39890859278172414,0.3715860864268115,0.39071184087525035,0.3415313294364076,0.366121585155829,0.2677605622781436,0.3797828383332853,0.1830607925779145,0.33879907880091636,0.3633893345203377,1464,AACC1_PSEAI,high,Prokaryote
ADRB2_HUMAN_Jones_2020,0.38154592677844096,0.404989584692206,0.4115831134804524,0.41451357071967304,0.32000632475480784,0.3749523979901946,0.4064548133118163,0.4101178848608421,0.4320963141549968,0.40865265624123176,0.34198475404896256,0.3866742269470771,0.4320963141549968,5575,ADRB2_HUMAN,medium,Human
AMIE_PSEAE_Wrenbeck_2017,0.3902535079043986,0.45052528511425144,0.4407754388008929,0.4381163898063406,0.492183719362238,0.4726840267355209,0.46204783075731154,0.5232059576320152,0.3875944589098463,0.42748019382813124,0.28743694678170845,0.3982306548880556,0.4726840267355209,4581,AMIE_PSEAE,high,Prokaryote
B3VI55_LIPST_Klesmith_2015,0.37222760282897194,0.3472572883381289,0.31417162163776186,0.31167459018867755,0.39282811228391745,0.3834642443498513,0.3578696719967372,0.3840885022121224,0.3516270933740264,0.315420137362304,0.2567398983088229,0.3085533008773222,0.34039045185314704,6433,B3VI55_LIPST,medium,Eukaryote
BLAT_ECOLX_Deng_2012,0.2611995859826655,0.36303557739741493,0.4090576119790805,0.4492044932098952,0.4678091454875898,0.46095479991159705,0.4286414564819169,0.45801722323617156,0.3982864975025205,0.4452877243093279,0.25728281708209827,0.43353741760762604,0.4315790331573424,4085,BLAT_ECOLX,high,Prokaryote
BLAT_ECOLX_Firnberg_2014,0.35712611546490586,0.4879190847911089,0.5717083307657077,0.5992974727329536,0.6095156734615632,0.6187120541173119,0.5522937493813495,0.5992974727329536,0.5594464898913761,0.6105374935344242,0.3561042953920449,0.5952101924415099,0.5982756526600926,3920,BLAT_ECOLX,high,Prokaryote
BLAT_ECOLX_Jacquier_2013,0.3843088655043248,0.519066519642205,0.6039139315067962,0.5889408588248095,0.5789588103701517,0.5939318830521384,0.5440216407788494,0.5540036892335072,0.5440216407788494,0.6039139315067962,0.3543627201403515,0.5939318830521384,0.5939318830521384,802,BLAT_ECOLX,high,Prokaryote
BLAT_ECOLX_Stiffler_2015,0.36133003386312157,0.497712146446089,0.5850359451502912,0.6066216032569479,0.6252637625308787,0.6311507601963305,0.5742431160969628,0.6223202636981527,0.5585444556557579,0.6282072613636046,0.36721703152857343,0.5938664416484689,0.6115274346448244,4085,BLAT_ECOLX,high,Prokaryote
BRCA1_HUMAN_Findlay_2018,0.4745323999117267,0.4745323999117267,0.29601750903325746,0.3425866110015538,0.3891557129698501,0.4202017809487143,0.3037790260279735,0.3425866110015538,0.2882559920385414,0.2572099240596772,0.41244026395399824,0.3667929293863995,0.4357248149381464,575,BRCA1_HUMAN,low,Human
C6KNH7_9INFA_Lee_2018,0.30261852412964807,0.32927240012566633,0.3113762262426255,0.31784931041308706,0.30794929932885173,0.29614543995918646,0.3159454621276572,0.36392243892049014,0.2512146204230413,0.25730693493641693,0.30338006344382,0.2767261874478017,0.3266070125260645,10507,C6KNH7_9INFA,medium,Virus
CALM1_HUMAN_Weile_2017,0.28313273561680824,0.23012064894812925,0.1915664040981809,0.18674712349193734,0.20120496531066798,0.24698813106998166,0.1891567637950591,0.23253028925125102,0.1915664040981809,0.20361460561378975,0.13614467712638012,0.20361460561378975,0.21566280712939861,1660,CALM1_HUMAN,high,Human
CAPSD_AAV2S_Sinai_substitutions_2021,0.3596085284930984,0.31838072980180443,0.1939408603574401,0.18788907339358044,0.18959113847716597,0.2018838307475059,0.14590480133180403,0.14779598475801017,0.16339824802421088,0.20405869168764298,0.23856610946055642,0.19110408521813088,0.24963621225921107,42328,CAPSD_AAV2S,low,Virus
CCDB_ECOLI_Adkar_2012,0.20076948022477567,0.3126925590615994,0.3926376153736163,0.3926376153736163,0.36465684566441037,0.3926376153736163,0.29270629498359513,0.38064585692681374,0.3766486041112129,0.3766486041112129,0.2367447555651833,0.3166898118772002,0.3846431097424146,1005,CCDB_ECOLI,high,Prokaryote
CCDB_ECOLI_Tripathi_2016,0.2999353250591266,0.3888584844143466,0.3772598114549701,0.37339358713517795,0.3811260357747623,0.3888584844143466,0.36179491417580145,0.3811260357747623,0.40045715737372317,0.3772598114549701,0.28447042777995796,0.35792868985600923,0.3811260357747623,1423,CCDB_ECOLI,high,Prokaryote
CP2C9_HUMAN_Amorosi_abundance_2021,0.4296962851229419,0.47325424350491657,0.4368369340380197,0.4596870105662687,0.4125587277267551,0.4375509989295275,0.4375509989295275,0.47325424350491657,0.4761105030709477,0.44183538827857416,0.3897086511985061,0.4389791287125431,0.49039180090110335,5607,CP2C9_HUMAN,high,Human
CP2C9_HUMAN_Amorosi_activity_2021,0.44553001810219794,0.5037777517733789,0.45216583586220593,0.46617478446666716,0.4492165835244246,0.4573270274533232,0.4890314900844724,0.5030404386889337,0.505989691026715,0.45216583586220593,0.39244347602213425,0.45880165362221387,0.5067270041111602,5431,CP2C9_HUMAN,high,Human
DLG4_HUMAN_Faure_2021,0.47907758035955283,0.5742388626159507,0.49097274064160257,0.5046521749659598,0.4874041925569877,0.5082207230505746,0.4546925017813509,0.4945412887262175,0.5337953176569816,0.47015621014801556,0.5751429008035087,0.47729330631724537,0.5486642680095438,6726,DLG4_HUMAN,low,Human
DLG4_RAT_McLaughlin_2012,0.25013865677832386,0.37266695518297555,0.4449272337293086,0.43550198000587387,0.39780096511213486,0.39780096511213486,0.466919492417323,0.466919492417323,0.35381644773610604,0.4417854824881637,0.41665147255900437,0.4229349750412942,0.4417854824881637,1501,DLG4_RAT,low,Eukaryote
DYR_ECOLI_Thompson_plusLon_2019,0.31346470589704345,0.36550594927835045,0.41197134515451744,0.40639549764937744,0.4082541134844241,0.40639549764937744,0.34506117509283696,0.35807148593816374,0.4101127293194708,0.4026782659792841,0.33948532758769695,0.40081965014423737,0.397102418474144,2327,DYR_ECOLI,medium,Prokaryote
ENV_HV1B9_DuenasDecamp_2016,0.30955298780506985,0.34478997164405634,0.3565356329237185,0.321298649084732,0.33304431036439414,0.321298649084732,0.3800269554830428,0.3565356329237185,0.29780732652540765,0.33304431036439414,0.2860616652457455,0.3565356329237185,0.321298649084732,375,ENV_HV1B9,medium,Virus
ENV_HV1BR_Haddox_2016,0.26880521990947676,0.2707155919385768,0.24874631360392585,0.2560694063821428,0.26721324321856,0.26625805720400997,0.24046803481115883,0.2586165690876096,0.24938310428029256,0.22741382594564158,0.251611871647576,0.23505531406204191,0.26753163855674333,12563,ENV_HV1BR,medium,Virus
ESTA_BACSU_Nutschel_2020,0.20592132428942855,0.22956779215041556,0.26897857191872726,0.29262503977971427,0.31824204662911687,0.3300652805596104,0.22168563619675324,0.24730264304615582,0.2374499481040779,0.3280947415711948,0.21774455821992206,0.28474288382605195,0.30641881269862337,2030,ESTA_BACSU,high,Prokaryote
F7YBW8_MESOW_Aakre_2015,0.2437322926897152,0.2520165745521563,0.25506867839621356,0.2498365003778297,0.23065184764375551,0.24852845587323374,0.22759974379969827,0.238064099836466,0.2262916992951023,0.2459123668640418,0.04665358733058949,0.2166993729280652,0.25419664872648295,9174,F7YBW8_MESOW,high,Prokaryote
GAL4_YEAST_Kitzman_2015,0.20386973509484133,0.30445894677525287,0.3125060837096858,0.3446946314474175,0.40504815845566444,0.3970010215212315,0.31652965217690227,0.34067106298020106,0.34067106298020106,0.35274176838185045,0.2521525567014389,0.3245767891113352,0.34067106298020106,1051,GAL4_YEAST,medium,Eukaryote
GCN4_YEAST_Staller_induction_2018,0.28836568203404683,0.23432529705284913,0.16484480207702348,0.15712474707970953,0.23432529705284913,0.20730510456225026,0.2420453520501631,0.2420453520501631,0.19572502206627934,0.17642488457299443,0.19572502206627934,0.1995850495649363,0.18800496706896538,1053,GCN4_YEAST,low,Eukaryote
GFP_AEQVI_Sarkisyan_2016,0.576314931641231,0.6222069049776054,0.6201896753804022,0.6185086507160661,0.590435538821654,0.5967393813129142,0.09831556833727317,0.09730695353867154,0.5413496186230411,0.6179202920835485,0.5897631289559195,0.5800972371359873,0.6492714020734159,48211,GFP_AEQVI,low,Eukaryote
GRB2_HUMAN_Faure_2021,0.341005972494585,0.39699463776641936,0.425289984731755,0.4304072283318689,0.3482303164006281,0.3518424883536497,0.3720104484246868,0.3807398639778223,0.3605719039067851,0.3337816285885418,0.39699463776641936,0.42137679844931497,0.43733055790849357,14681,GRB2_HUMAN,medium,Human
HIS7_YEAST_Pokusaeva_2019,0.47521343573255637,0.5107369267508256,0.3582098202098798,0.36046564103059014,0.4021556023345512,0.39477291601222647,0.33269511956351216,0.37688870018742826,0.34169276851884545,0.33973887271892383,0.34187220881140196,0.3929870578624975,0.4564234736691396,496102,HIS7_YEAST,medium,Eukaryote
HSP82_YEAST_Flynn_2019,0.28059167180964545,0.2981728714360066,0.2838762769645106,0.2877083163118533,0.2997518685463589,0.3024890395087465,0.3128902891658195,0.3221966704379375,0.2964672633914937,0.2964672633914937,0.26252634345788706,0.29263522404415104,0.29920443435388133,11425,HSP82_YEAST,medium,Eukaryote
HSP82_YEAST_Mishra_2016,0.38811553127907883,0.4243396475317929,0.39975899721745123,0.40622758940543585,0.3894092497166758,0.39199668659186965,0.4243396475317929,0.4230459290941959,0.38552809440388497,0.42045849221900206,0.40752130784303275,0.403640152530242,0.41398990003101743,3990,HSP82_YEAST,medium,Eukaryote
I6TAH8_I68A0_Doud_2015,0.24709363770872966,0.2559712534347918,0.2737264848869161,0.2766856901289368,0.2103149439864722,0.23187486789262313,0.014584654407102092,0.008243500317057704,0.1511308391460579,0.23567956034664975,0.2866209396135771,0.2403297400126823,0.3033185373071232,9462,I6TAH8_I68A0,medium,Virus
IF1_ECOLI_Kelsic_2016,0.409962374431664,0.35530072450744216,0.3865359530355689,0.4177711815636957,0.14446293194258636,0.18350696760274485,0.42167558512971154,0.45681521722385415,0.44119760295979077,0.4255799886957274,0.2459774246589984,0.3435875138093946,0.409962374431664,1102,IF1_ECOLI,high,Prokaryote
KCNH2_HUMAN_Kozek_2020,0.3402785413595425,0.38216909978665986,0.19366158686463164,0.17271630765107296,0.3193332621459838,0.2774427037188664,0.17271630765107296,0.19366158686463164,0.40311437900021857,0.21460686607819035,0.36122382057310115,0.40311437900021857,0.3193332621459838,191,KCNH2_HUMAN,medium,Human
KKA2_KLEPN_Melnikov_2014,0.4867819398776272,0.4826391148573921,0.4774605835820982,0.5126745962540967,0.4867819398776272,0.5126745962540967,0.5137103025091555,0.5282101900799785,0.388389845647043,0.49610329617315624,0.22267684483763797,0.454675045970805,0.5095674774889204,3958,KKA2_KLEPN,high,Prokaryote
MK01_HUMAN_Brenan_2016,0.08288680544493231,0.16011573298181994,0.22204458996894683,0.21621599166427605,0.17031578001499378,0.1623014573460715,0.19217302365750916,0.19654447238601222,0.1980016219621799,0.2089302437834376,0.19508732280984453,0.20455879505493452,0.19654447238601222,5501,MK01_HUMAN,medium,Human
MSH2_HUMAN_Jia_2020,0.2817386856209491,0.33517506157260063,0.3502846575313435,0.35470697829975606,0.3576551921453644,0.36207751291377693,0.3418085427252195,0.35728666541466336,0.3502846575313435,0.3484420238778383,0.32080251907525986,0.35728666541466336,0.35618108522256026,15110,MSH2_HUMAN,medium,Human
MTH3_HAEAE_Rockah-Shmuel_2015,0.43553770221519084,0.42401022665130217,0.44994704667005164,0.45859265334296817,0.455710784451996,0.45282891556102384,0.47012012890685684,0.47012012890685684,0.44994704667005164,0.44994704667005164,0.28568051988463816,0.41824648886935784,0.45859265334296817,1581,MTH3_HAEAE,medium,Prokaryote
NCAP_I34A1_Doud_2015,0.295286408793067,0.32065102515324456,0.28302684421898117,0.2821813570069753,0.24328894525470302,0.2623124075248362,0.02599873176918199,0.025153244557176074,0.2145423800465018,0.24286620164870007,0.2904249157143097,0.23990699640667934,0.3430564362714014,9462,NCAP_I34A1,medium,Virus
NRAM_I33A0_Jiang_standard_2016,0.3959731543624161,0.5436241610738255,0.44966442953020136,0.46308724832214765,0.3825503355704698,0.5436241610738255,0.11409395973154363,0.3691275167785235,0.30201342281879195,0.31543624161073824,0.4228187919463087,0.4228187919463087,0.5167785234899329,298,NRAM_I33A0,low,Virus
NUD15_HUMAN_Suiter_2020,0.4189151506850155,0.4482099164671844,0.46383379155100785,0.4677397603219637,0.5067994480315222,0.5302352606572573,0.48141065102030917,0.5146113855734339,0.3915733692883245,0.46188080716552987,0.3056420563272957,0.4130561975285817,0.4755516978638754,2088,NUD15_HUMAN,high,Human
P53_HUMAN_Giacomelli_NULL_Etoposide_2018,0.38584650795630193,0.464758295948427,0.44784862709297163,0.4485531966286156,0.35625458745925503,0.36470942188698274,0.43728008405831204,0.48871366016032214,0.17940763401261758,0.42530240195236446,0.45630346152069934,0.4612354482702071,0.48166796480388235,6403,P53_HUMAN,low,Human
P53_HUMAN_Giacomelli_NULL_Nutlin_2018,0.22935667620062983,0.2814724644724859,0.29465838680632905,0.29528628786984534,0.211147545358656,0.21177544642217236,0.2977978921239107,0.3247976378551133,0.09749745286219876,0.25070531236018534,0.2864956729806166,0.2977978921239107,0.3091001112672048,6403,P53_HUMAN,low,Human
P53_HUMAN_Giacomelli_WT_Nutlin_2018,0.3619561745486216,0.43334375474918835,0.4242304466384777,0.4234710042959185,0.33309736553137126,0.3384134619292858,0.41891435024056317,0.4606836790813203,0.15918506908530977,0.40372550338937874,0.4363815241194252,0.4363815241194252,0.4477731592578135,6403,P53_HUMAN,low,Human
P53_HUMAN_Kotler_2018,0.3437269059300297,0.4641284210015655,0.4874319400476692,0.5146193789347902,0.499083699570721,0.5146193789347902,0.4718962606836001,0.5418068178219112,0.3592625852940988,0.3825661043402025,0.5456907376629284,0.5107354590937729,0.5534585773449631,1048,P53_HUMAN,low,Human
P84126_THETH_Chan_2017,0.4724495993961287,0.5046620720822284,0.5100308175299116,0.5046620720822284,0.5502964083875362,0.5395589174921697,0.4805027175676536,0.5261370538729615,0.5180839357014366,0.5153995629775949,0.47781834484381197,0.5019776993583868,0.5261370538729615,1500,P84126_THETH,medium,Prokaryote
PA_I34A1_Wu_2015,0.3956043956043956,0.4351648351648352,0.3956043956043956,0.4087912087912088,0.27472527472527475,0.24175824175824176,0.03956043956043956,0.08791208791208792,0.24835164835164836,0.3626373626373626,0.36043956043956044,0.3758241758241758,0.42417582417582417,1820,PA_I34A1,medium,Virus
PABP_YEAST_Melamed_2013,0.5065596182813682,0.5540799460768762,0.48518342117454755,0.49654655753133115,0.5120724270089166,0.5121849333094789,0.5214104499555804,0.5369363194331659,0.4083416178905554,0.46988256429808645,0.5219729814583914,0.4855209400762342,0.5422241155595899,36638,PABP_YEAST,medium,Eukaryote
POLG_CXB3N_Mattenberger_2021,0.23956955797231125,0.3035596752632187,0.3431601167014442,0.3397508071736499,0.3541748090220102,0.3685988108703705,-0.03396196798841194,0.0003933818685916441,0.2563538510322214,0.29149596462640825,0.29175821920546935,0.2848104008697409,0.3352924793296113,15254,POLG_CXB3N,medium,Virus
POLG_HCVJF_Qi_2014,0.3854821542277543,0.413016593815451,0.49311678170693246,0.49061365083532366,0.4780979964772797,0.41551972468705983,0.4730917347340621,0.5156449595514115,0.14768472142491884,0.3379226676671872,0.44555729514636533,0.4230291173018862,0.49311678170693246,1612,POLG_HCVJF,medium,Virus
PTEN_HUMAN_Matreyek_2021,0.25475640017317963,0.3269373802222472,0.3343677752272983,0.3396752002309062,0.3110151052114235,0.30040025520420766,0.24732600516812858,0.3057076802078156,0.3407366852316278,0.3014617402049293,0.3555974752417299,0.33861371523018463,0.3513515352388436,3818,PTEN_HUMAN,medium,Human
PTEN_HUMAN_Mighell_2018,0.28108882237360533,0.4066612754376711,0.45453577316834615,0.46316887931650064,0.4513964618417445,0.4207881764073785,0.429421282555533,0.45767508449494776,0.45453577316834615,0.4372695608720371,0.43256059388213464,0.4663081906431023,0.48200474727611053,5525,PTEN_HUMAN,medium,Human
Q2N0S5_9HIV1_Haddox_2018,0.29965964541149276,0.3677860205613442,0.36682196808280854,0.3722849321278438,0.3780692469990576,0.38642436847969974,0.377105194520522,0.3983143490483059,0.3006236978900284,0.28584155988581533,0.3456128135550246,0.31508448506806286,0.3803187027823074,12482,Q2N0S5_9HIV1,medium,Virus
Q59976_STRSQ_Romero_2015,0.5137512937326663,0.5340397985092609,0.5090693310919137,0.5153119479462505,0.5590102659266082,0.5121906395190821,0.41386942406327715,0.427915311985535,0.5137512937326663,0.5277971816549241,0.4404005456942086,0.4997054058104084,0.5418430695771819,2641,Q59976_STRSQ,medium,Prokaryote
R1AB_SARS2_Flynn_growth_2022,0.17448775494677188,0.3304566313850437,0.5173250022120298,0.5143821932226285,0.012633260529697312,0.012633260529697312,0.010426153787646296,0.002333429066792568,0.2281940190033466,0.24952938417650644,0.4768613786077611,0.3980048522238754,0.4606759291660537,5725,R1AB_SARS2,medium,Virus
RASH_HUMAN_Bandaru_2017,0.3372812497456186,0.4221318786124409,0.4574863073069502,0.4560721301591698,0.4504154215680483,0.4475870672724876,0.4079901071346372,0.44900124442026795,0.5013257988881417,0.44051618153358574,0.3980908671001746,0.437687827238025,0.4673855473414128,3064,RASH_HUMAN,high,Human
REV_HV1H2_Fernandes_2016,0.17857343395893513,0.18054111863944372,0.15692890247334065,0.16283195651486643,0.17267037991740938,0.16086427183435784,0.18054111863944372,0.19234722672249527,0.11954289354367748,0.1707026952369008,0.16086427183435784,0.12646681951133032,0.16479964119537502,2033,REV_HV1H2,medium,Virus
RL401_YEAST_Mavor_2016,0.26453874822359014,0.288354751885879,0.2526307463924457,0.2526307463924457,0.28438541794216415,0.3121707555481678,0.21293740695529764,0.23675341061758648,0.31614008949188266,0.2446920785050161,0.16927473357443473,0.2526307463924457,0.26850808216730493,1109,RL401_YEAST,medium,Eukaryote
RL401_YEAST_Roscoe_2013,0.28194684070009096,0.2898148863299284,0.28194684070009096,0.2740787950702535,0.32128706884927816,0.309485000404522,0.21900247566139147,0.2740787950702535,0.3488252285537092,0.29768293195976586,0.17179420188236683,0.2622767266254974,0.29374890914484714,1075,RL401_YEAST,medium,Eukaryote
RL401_YEAST_Roscoe_2014,0.28521297055646966,0.3116565572305794,0.27765766007815257,0.27765766007815257,0.26632469436067696,0.2701023495998355,0.2021045552949818,0.21343752101245742,0.2889906257956282,0.2814353153173111,0.22477048672993302,0.19454924481666472,0.29654593627394527,1224,RL401_YEAST,medium,Eukaryote
SC6A4_HUMAN_Young_2021,0.3015488661935706,0.36788088885843706,0.3979921359891988,0.3905734229279966,0.4132659569975562,0.4080292183661194,0.3918826075858558,0.3897006331560905,0.4049744541644479,0.3608985706831879,0.37486320703368614,0.38839144849823126,0.4132659569975562,9260,SC6A4_HUMAN,medium,Human
SCN5A_HUMAN_Glazer_2019,0.11735143713630752,0.004672897196261682,0.15491095044965614,0.15491095044965614,0.0610121671662846,0.02345265385293599,0.13613119379298183,0.042232410509610296,0.0610121671662846,0.11735143713630752,0.02345265385293599,0.0610121671662846,0.004672897196261682,213,SCN5A_HUMAN,medium,Human
SPG1_STRSG_Olson_2014,0.19791162004576224,0.2029289646679334,0.15814949332116482,0.16015864867994686,0.08708105346036558,0.1350025388921607,0.1741826458738564,0.14196113621098988,0.2022963649116762,0.017600015617623088,0.16092521863484463,0.14107708317902856,0.22511924962443583,536960,SPG1_STRSG,low,Prokaryote
SPIKE_SARS2_Starr_bind_2020,0.2617359694410879,0.2140512786522257,0.15259101052435892,0.16636658786336356,0.287167804528481,0.28080984575663276,-0.07523584546687141,-0.04450571140293802,0.2553780106692396,0.0551023093560185,0.11126427850734505,0.13457679400412212,0.2225285570146901,3802,SPIKE_SARS2,medium,Virus
SPIKE_SARS2_Starr_expr_2020,0.2742322792060034,0.2731714193251291,0.3750139678890608,0.3516750505098264,0.39304858586392366,0.41957008288578085,-0.032356226366665776,-0.0068955892256828705,0.27104969956338054,0.1182858767174831,0.1607202719524546,0.22331100492403758,0.33894473193933494,3798,SPIKE_SARS2,medium,Virus
SRC_HUMAN_Ahler_CD_2019,0.2953763048814985,0.43267275363238694,0.4477879589994572,0.45282636078848065,0.2248386798351705,0.3457603227717328,0.5158063831512735,0.5334407894128556,0.45030715989396897,0.45030715989396897,0.4641627648137834,0.43771115542141037,0.4515667603412248,3366,SRC_HUMAN,medium,Human
SUMO1_HUMAN_Weile_2017,0.35286286063182837,0.39180503369819886,0.43074720676456935,0.440482750031162,0.3269014119209147,0.37557912825387785,0.36259840389842096,0.41452130132024834,0.45995383656434724,0.38531467152047044,0.39829539587592727,0.3204110497431863,0.4339923878534336,1235,SUMO1_HUMAN,high,Human
SYUA_HUMAN_Newberry_2020,0.2764605762022566,0.2319651163520801,0.23458249634326694,0.2319651163520801,0.16653061657240872,0.2319651163520801,0.34451245597311486,0.3523645959466754,0.32095603605243317,0.2371998763344538,0.19008703649309042,0.21102607642258525,0.24505201630801438,1765,SYUA_HUMAN,medium,Human
TADBP_HUMAN_Bolognesi_2019,0.09684996828661148,0.09684996828661148,0.06788867609888245,0.09322980676314535,0.05340803000501794,0.0099660917234244,0.024446737817288913,0.02806689934075504,-0.044336331128567524,0.10047012981007761,0.07512899914581471,0.0353072223876873,0.08236932219274697,1105,TADBP_HUMAN,low,Human
TAT_HV1BR_Fernandes_2016,0.2282339528643265,0.23923317950839043,0.2832300860846461,0.2639814394575343,0.26948105277956624,0.302478732711758,0.3327266059829338,0.31622776601683794,0.19523627293213472,0.25023240615245435,0.27223085944058223,0.19523627293213472,0.2584818261355023,1558,TAT_HV1BR,high,Virus
TPK1_HUMAN_Weile_2017,0.24335334458955263,0.2513321427728166,0.20505511330988532,0.21143815185649653,0.22101270967641337,0.25771518131942783,0.24814062349951102,0.2768642969592615,0.20984239221984374,0.19867207476327411,0.18111871876009325,0.2002678343999269,0.2417575849528998,2568,TPK1_HUMAN,medium,Human
TPMT_HUMAN_Matreyek_2018,0.30241530216091855,0.3559401344017891,0.36129261762587617,0.36129261762587617,0.3327460404307452,0.3363143625801366,0.35950845655118047,0.37378174514874596,0.35772429547648477,0.3648609397752675,0.3095519464597013,0.3630767787005718,0.3880550337463114,2682,TPMT_HUMAN,medium,Human
TPOR_HUMAN_Bridgford_S505N_2020,0.2962386946587299,0.37394064735610166,0.30595143874590136,0.34480241509458726,0.3253769269202443,0.2865259505715584,0.2185367419613581,0.26710046239721547,0.2185367419613581,0.2185367419613581,0.3156641828330728,0.26710046239721547,0.3836533914432731,498,TPOR_HUMAN,low,Human
TRPC_SACS2_Chan_2017,0.5004110890066661,0.5195524967828774,0.48947314170597395,0.49494211535632,0.5441628782094347,0.5441628782094347,0.5277559572583965,0.5496318518597808,0.4593937866290705,0.4703317339297627,0.5113490363073583,0.5136282383882456,0.5168180099577043,1500,TRPC_SACS2,medium,Prokaryote
TRPC_THEMA_Chan_2017,0.35984344403152885,0.35984344403152885,0.3687651823133023,0.35984344403152885,0.3747130078344846,0.3747130078344846,0.39850430991921376,0.4074260482009872,0.3509217057497554,0.36579126955271113,0.36579126955271113,0.36579126955271113,0.35389561851034657,1500,TRPC_THEMA,medium,Prokaryote
UBC9_HUMAN_Weile_2017,0.35292464676278434,0.40154181749031076,0.46816534774655066,0.46816534774655066,0.4429564444063518,0.4537602601235799,0.40154181749031076,0.4555608960764512,0.4897729791810069,0.4843710713223928,0.3403201950926849,0.43935517250060907,0.4555608960764512,2222,UBC9_HUMAN,medium,Human
UBE4B_MOUSE_Starita_2013,0.20670265770077792,0.3006584112011315,0.35076814640132015,0.34450442950129656,0.3069221281011551,0.3069221281011551,0.338240712601273,0.3570318633013437,0.3194495619012023,0.34450442950129656,0.338240712601273,0.338240712601273,0.34450442950129656,852,UBE4B_MOUSE,low,Eukaryote
VKOR1_HUMAN_Chiasson_abundance_2020,0.41028521346568575,0.4179625878324796,0.3603822800815256,0.3507855621230333,0.4371560237494642,0.4352366801577658,0.3584629364898272,0.38725309036530414,0.366140310856621,0.3834144031819072,0.3565435928981287,0.36997899804001794,0.4294786493826704,2087,VKOR1_HUMAN,medium,Human
VKOR1_HUMAN_Chiasson_activity_2020,0.3342264879083475,0.4025909967986913,0.4025909967986913,0.3949949402553198,0.4025909967986913,0.3798028271685767,0.42537916642880597,0.44057127951554903,0.44816733605892056,0.42537916642880597,0.38739888371194825,0.3798028271685767,0.44816733605892056,536,VKOR1_HUMAN,medium,Human
YAP1_HUMAN_Araya_2012,0.15168369164141285,0.2740637947922136,0.338035212348314,0.34598197229317124,0.09128831606049816,0.07936817614321237,0.20810568724989892,0.2180391371809704,0.1492996636579557,0.3630675061746142,0.3376378743510712,0.2967120606350566,0.3348565083703712,10067,YAP1_HUMAN,low,Human
Average,0.32041052645451656,0.3623560971362927,0.3609661011391073,0.3656173650377684,0.34437296173499293,0.3542646747189188,0.30740694138564645,0.3324613817442058,0.32170370393985626,0.33881197823195464,0.3153792318889697,0.34434173545101815,0.38254722087606163,17593.22988505747,,,
